benchmark;solver;status;bound;real;time;mem;solver;status;bound;real;time;mem;solver;status;bound;real;time;mem;solver;status;bound;real;time;mem;solver;status;bound;real;time;mem
VexRiscv-regch0-15-p0;avr;uns;-1;36.83;197.37;2633.0;btormc;uns;-1;9.40;9.30;82.0;cosa2;uns;-1;13.45;53.75;362.0;nuxmv;uns;-1;2857.39;8570.64;2062.0;pono;uns;-1;17.22;67.67;421.0
VexRiscv-regch0-15-p1;avr;uns;-1;55.85;329.69;4350.0;btormc;uns;-1;9.59;9.46;79.0;cosa2;uns;-1;14.15;56.56;368.0;nuxmv;uns;-1;3105.02;6296.49;1702.0;pono;uns;-1;21.19;84.61;443.0
VexRiscv-regch0-20-p0;avr;uns;-1;530.12;7749.45;10376.0;btormc;uns;-1;228.44;228.36;209.0;cosa2;uns;-1;235.42;947.72;984.0;nuxmv;time;-1;3600.10;8203.90;2263.0;pono;uns;-1;492.04;1981.27;1475.0
arbitrated_fifos_n2d8w8;avr;unk;-1;3573.29;28426.36;4803.0;btormc;time;-1;3600.09;3599.87;371.0;cosa2;time;-1;3600.10;10889.73;660.0;nuxmv;time;-1;3600.10;7202.78;1805.0;pono;unk;-1;0.74;1.46;82.0
array_swap;avr;unk;-1;3576.21;46507.75;24699.0;btormc;time;-1;3600.10;3599.92;3213.0;cosa2;unk;-1;0.42;0.09;31.0;nuxmv;time;-1;3600.10;7199.28;4207.0;pono;time;-1;3600.10;10890.30;12916.0
dblclockfft_butterfly_ck1-p006;avr;uns;-1;3.32;36.22;2660.0;btormc;uns;-1;0.24;0.19;28.0;cosa2;uns;-1;48.46;194.66;1245.0;nuxmv;uns;-1;2.15;4.81;341.0;pono;uns;-1;0.32;1.23;145.0
dblclockfft_butterfly_ck1-p015;avr;uns;-1;7.84;103.37;4773.0;btormc;uns;-1;0.60;0.49;41.0;cosa2;uns;-1;556.08;2238.69;3730.0;nuxmv;uns;-1;10.52;29.60;624.0;pono;uns;-1;0.56;2.52;221.0
dblclockfft_butterfly_ck1-p023;avr;uns;-1;1.81;17.26;2100.0;btormc;uns;-1;0.54;0.50;39.0;cosa2;uns;-1;411.35;1656.10;3304.0;nuxmv;uns;-1;7.34;20.06;577.0;pono;uns;-1;0.50;1.94;211.0
dblclockfft_butterfly_ck1-p053;avr;uns;-1;3.32;36.38;2717.0;btormc;uns;-1;0.25;0.20;26.0;cosa2;uns;-1;49.18;197.52;1231.0;nuxmv;uns;-1;2.18;4.53;335.0;pono;uns;-1;0.32;0.72;144.0
dblclockfft_butterfly_ck1-p060;avr;uns;-1;1.65;15.35;1632.0;btormc;uns;-1;0.12;0.00;0.0;cosa2;uns;-1;0.40;1.01;119.0;nuxmv;uns;-1;1.17;1.65;230.0;pono;uns;-1;0.24;0.69;143.0
dblclockfft_butterfly_ck1-p063;avr;uns;-1;12.08;172.67;5047.0;btormc;uns;-1;4.01;3.89;92.0;cosa2;uns;-1;1189.70;4790.35;5340.0;nuxmv;uns;-1;90.11;268.30;1174.0;pono;uns;-1;4.26;24.84;563.0
dblclockfft_butterfly_ck1-p068;avr;uns;-1;18.40;273.07;6380.0;btormc;uns;-1;3.93;3.89;96.0;cosa2;uns;-1;1446.73;5825.87;5179.0;nuxmv;uns;-1;72.88;216.79;1188.0;pono;uns;-1;4.85;28.48;583.0
dblclockfft_butterfly_ck1-p072;avr;uns;-1;3.29;35.79;2649.0;btormc;uns;-1;0.24;0.19;28.0;cosa2;uns;-1;48.40;194.28;1247.0;nuxmv;uns;-1;2.69;6.10;380.0;pono;uns;-1;0.33;1.27;185.0
dblclockfft_butterfly_ck1-p073;avr;uns;-1;14.83;215.53;5324.0;btormc;uns;-1;2.35;2.30;83.0;cosa2;uns;-1;1446.59;5824.00;6027.0;nuxmv;uns;-1;34.38;101.39;1288.0;pono;uns;-1;2.98;16.99;490.0
dblclockfft_butterfly_ck1-p078;avr;uns;-1;7.82;103.00;5023.0;btormc;uns;-1;0.94;0.90;57.0;cosa2;uns;-1;552.10;2222.54;3906.0;nuxmv;uns;-1;15.89;45.77;723.0;pono;uns;-1;0.92;4.84;303.0
dblclockfft_butterfly_ck1-p096;avr;uns;-1;3.31;35.88;2553.0;btormc;uns;-1;0.24;0.19;28.0;cosa2;uns;-1;48.38;194.27;1205.0;nuxmv;uns;-1;2.72;6.22;382.0;pono;uns;-1;0.32;0.95;145.0
dblclockfft_butterfly_ck1-p106;avr;uns;-1;88.37;1394.79;9474.0;btormc;uns;-1;13.76;13.69;97.0;cosa2;unk;-1;1573.28;6335.03;3379.0;nuxmv;uns;-1;465.02;1392.68;3867.0;pono;uns;-1;16.77;100.21;698.0
dblclockfft_butterfly_ck1-p117;avr;uns;-1;16.87;249.58;6268.0;btormc;uns;-1;4.59;4.49;94.0;cosa2;uns;-1;1457.03;5866.90;5344.0;nuxmv;uns;-1;52.50;155.49;1050.0;pono;uns;-1;5.00;28.99;591.0
dblclockfft_butterfly_ck1-p139;avr;uns;-1;3.19;34.19;2485.0;btormc;uns;-1;0.20;0.09;20.0;cosa2;uns;-1;24.46;98.06;901.0;nuxmv;uns;-1;1.69;2.81;280.0;pono;uns;-1;0.29;0.73;145.0
dblclockfft_butterfly_ck1-p147;avr;uns;-1;80.13;1263.60;8838.0;btormc;uns;-1;15.01;14.89;67.0;cosa2;uns;-1;2136.31;8603.16;3394.0;nuxmv;uns;-1;186.96;558.87;1499.0;pono;uns;-1;15.89;94.81;546.0
dblclockfft_butterfly_ck1-p156;avr;uns;-1;1.72;15.50;1947.0;btormc;uns;-1;0.14;0.09;20.0;cosa2;uns;-1;2.89;11.03;306.0;nuxmv;uns;-1;1.22;1.66;236.0;pono;uns;-1;0.24;0.74;145.0
dblclockfft_butterfly_ck1-p167;avr;uns;-1;7.81;101.47;3888.0;btormc;uns;-1;1.06;1.00;54.0;cosa2;uns;-1;419.62;1689.45;3589.0;nuxmv;uns;-1;18.49;53.60;683.0;pono;uns;-1;1.02;4.93;333.0
dblclockfft_butterfly_ck1-p168;avr;uns;-1;5.35;65.11;3651.0;btormc;uns;-1;0.40;0.30;32.0;cosa2;uns;-1;207.46;835.00;2365.0;nuxmv;uns;-1;5.14;13.23;461.0;pono;uns;-1;0.42;1.33;189.0
dblclockfft_butterfly_ck1-p191;avr;uns;-1;33.93;522.36;7431.0;btormc;uns;-1;5.11;5.00;102.0;cosa2;uns;-1;2544.74;9897.95;7470.0;nuxmv;uns;-1;94.54;281.51;1299.0;pono;uns;-1;6.48;38.09;593.0
dblclockfft_butterfly_ck1-p199;avr;uns;-1;3.20;33.96;2388.0;btormc;uns;-1;0.20;0.10;20.0;cosa2;uns;-1;24.63;98.86;884.0;nuxmv;uns;-1;1.91;3.76;316.0;pono;uns;-1;0.29;0.71;143.0
dblclockfft_butterfly_ck1-p200;avr;uns;-1;5.29;64.28;3702.0;btormc;uns;-1;0.53;0.50;45.0;cosa2;uns;-1;205.94;828.94;2348.0;nuxmv;uns;-1;6.75;18.58;503.0;pono;uns;-1;0.62;3.14;245.0
dblclockfft_butterfly_ck1-p212;avr;uns;-1;3.44;39.18;2993.0;btormc;uns;-1;0.37;0.29;34.0;cosa2;uns;-1;84.94;341.65;1677.0;nuxmv;uns;-1;4.77;12.53;431.0;pono;uns;-1;0.41;1.36;198.0
dblclockfft_butterfly_ck1-p214;avr;uns;-1;1.83;18.72;2235.0;btormc;uns;-1;0.19;0.10;19.0;cosa2;uns;-1;10.20;40.46;640.0;nuxmv;uns;-1;1.93;3.78;336.0;pono;uns;-1;0.29;0.76;145.0
dblclockfft_butterfly_ck1-p222;avr;uns;-1;120.05;1903.12;9472.0;btormc;uns;-1;49.08;49.00;76.0;cosa2;unk;-1;1091.75;4395.63;1402.0;nuxmv;uns;-1;819.88;2457.56;2868.0;pono;uns;-1;52.80;317.39;740.0
dblclockfft_butterfly_ck1-p223;avr;uns;-1;1.67;15.98;1878.0;btormc;uns;-1;0.15;0.10;20.0;cosa2;uns;-1;2.88;11.03;316.0;nuxmv;uns;-1;1.62;2.73;299.0;pono;uns;-1;0.25;0.74;144.0
dblclockfft_butterfly_ck1-p255;avr;uns;-1;103.74;1640.82;8350.0;btormc;uns;-1;31.74;31.69;148.0;cosa2;unk;-1;2487.14;10015.45;5262.0;nuxmv;uns;-1;897.43;2690.04;5118.0;pono;uns;-1;39.42;237.06;1231.0
dblclockfft_butterfly_ck1-p257;avr;uns;-1;1.65;15.73;2027.0;btormc;uns;-1;0.20;0.09;20.0;cosa2;uns;-1;24.45;98.07;899.0;nuxmv;uns;-1;1.88;3.81;325.0;pono;uns;-1;0.30;0.67;142.0
dblclockfft_butterfly_ck1-p265;avr;uns;-1;119.78;1896.87;8476.0;btormc;uns;-1;46.84;46.79;205.0;cosa2;time;-1;3600.10;14495.39;5770.0;nuxmv;uns;-1;1361.61;4082.76;2645.0;pono;uns;-1;73.53;442.77;1516.0
dblclockfft_butterfly_ck1-p267;avr;uns;-1;1.62;14.20;1688.0;btormc;uns;-1;0.11;0.00;0.0;cosa2;uns;-1;0.41;1.00;117.0;nuxmv;uns;-1;1.09;1.40;215.0;pono;uns;-1;0.23;0.73;141.0
dblclockfft_butterfly_ck1-p269;avr;uns;-1;8.14;109.62;4283.0;btormc;uns;-1;1.22;1.20;57.0;cosa2;uns;-1;554.02;2230.77;3990.0;nuxmv;uns;-1;12.40;35.24;863.0;pono;uns;-1;1.20;6.17;363.0
dblclockfft_butterfly_ck1-p276;avr;uns;-1;1.71;15.73;1969.0;btormc;uns;-1;0.14;0.10;20.0;cosa2;uns;-1;2.92;11.05;307.0;nuxmv;uns;-1;1.27;1.88;249.0;pono;uns;-1;0.25;0.72;144.0
dblclockfft_butterfly_ck1-p285;avr;uns;-1;5.57;69.71;4000.0;btormc;uns;-1;0.69;0.59;49.0;cosa2;uns;-1;298.42;1201.02;2950.0;nuxmv;uns;-1;11.46;32.58;649.0;pono;uns;-1;0.73;3.73;274.0
dblclockfft_butterfly_ck1-p286;avr;uns;-1;3.23;35.57;2343.0;btormc;uns;-1;0.24;0.20;29.0;cosa2;uns;-1;24.54;98.41;826.0;nuxmv;uns;-1;2.02;4.17;307.0;pono;uns;-1;0.34;1.33;191.0
dblclockfft_butterfly_ck1-p304;avr;uns;-1;1.07;6.15;824.0;btormc;uns;-1;0.26;0.20;26.0;cosa2;uns;-1;49.33;198.18;1275.0;nuxmv;uns;-1;2.60;5.84;375.0;pono;uns;-1;0.33;1.32;189.0
dblclockfft_butterfly_ck1-p309;avr;uns;-1;3.19;34.05;2392.0;btormc;uns;-1;0.20;0.10;20.0;cosa2;uns;-1;24.64;98.84;916.0;nuxmv;uns;-1;1.72;3.18;285.0;pono;uns;-1;0.30;0.71;144.0
dblclockfft_butterfly_ck1-p310;avr;uns;-1;3.28;36.36;2423.0;btormc;uns;-1;0.28;0.20;29.0;cosa2;uns;-1;48.60;195.10;1225.0;nuxmv;uns;-1;3.18;7.55;399.0;pono;uns;-1;0.37;1.31;196.0
dblclockfft_butterfly_ck1-p333;avr;uns;-1;8.13;108.03;4076.0;btormc;uns;-1;1.09;1.00;62.0;cosa2;uns;-1;553.33;2227.82;3906.0;nuxmv;uns;-1;20.52;59.59;763.0;pono;uns;-1;1.14;6.12;373.0
dblclockfft_butterfly_ck1-p341;avr;uns;-1;7.51;96.08;3827.0;btormc;uns;-1;0.75;0.70;49.0;cosa2;uns;-1;304.59;1225.83;3146.0;nuxmv;uns;-1;9.99;28.03;671.0;pono;uns;-1;0.78;3.74;270.0
dblclockfft_butterfly_ck1-p343;avr;uns;-1;8.12;107.63;4183.0;btormc;uns;-1;1.04;1.00;57.0;cosa2;uns;-1;550.37;2215.91;4274.0;nuxmv;uns;-1;16.72;48.15;726.0;pono;uns;-1;1.23;6.74;369.0
dblclockfft_butterfly_ck1-p346;avr;uns;-1;17.07;252.43;5255.0;btormc;uns;-1;4.73;4.69;96.0;cosa2;uns;-1;1455.08;5859.54;5393.0;nuxmv;uns;-1;53.06;157.27;1092.0;pono;uns;-1;5.07;29.66;590.0
dblclockfft_butterfly_ck1-p348;avr;uns;-1;3.25;35.84;2674.0;btormc;uns;-1;0.29;0.20;29.0;cosa2;uns;-1;48.49;194.68;1240.0;nuxmv;uns;-1;3.15;7.69;404.0;pono;uns;-1;0.37;1.34;196.0
dblclockfft_butterfly_ck1-p351;avr;uns;-1;16.77;247.65;5774.0;btormc;uns;-1;2.26;2.20;84.0;cosa2;uns;-1;1452.71;5848.66;5845.0;nuxmv;uns;-1;48.69;144.18;1132.0;pono;uns;-1;3.17;18.24;520.0
dblclockfft_butterfly_ck1-p352;avr;uns;-1;5.29;65.57;3905.0;btormc;uns;-1;0.68;0.60;49.0;cosa2;uns;-1;296.93;1195.31;2970.0;nuxmv;uns;-1;9.57;26.87;527.0;pono;uns;-1;0.72;3.61;263.0
dblclockfft_butterfly_ck1-p354;avr;uns;-1;7.84;106.06;4730.0;btormc;uns;-1;1.07;1.00;62.0;cosa2;uns;-1;552.52;2224.39;3827.0;nuxmv;uns;-1;17.08;49.36;707.0;pono;uns;-1;1.02;5.43;335.0
dblclockfft_butterfly_ck1-p359;avr;uns;-1;3.28;36.53;2766.0;btormc;uns;-1;0.28;0.20;29.0;cosa2;uns;-1;48.80;195.72;1330.0;nuxmv;uns;-1;3.30;7.94;405.0;pono;uns;-1;0.37;1.30;194.0
dblclockfft_butterfly_ck1-p372;avr;uns;-1;16.62;244.58;6703.0;btormc;uns;-1;4.79;4.69;94.0;cosa2;uns;-1;1452.43;5848.02;5321.0;nuxmv;uns;-1;81.70;243.06;1109.0;pono;uns;-1;4.62;27.16;598.0
dblclockfft_butterfly_ck1-p375;avr;uns;-1;13.25;191.52;5080.0;btormc;uns;-1;3.98;3.90;102.0;cosa2;uns;-1;1163.04;4683.12;5371.0;nuxmv;uns;-1;85.92;255.74;1165.0;pono;uns;-1;4.32;24.83;590.0
dblclockfft_butterfly_ck1-p386;avr;uns;-1;7.66;101.31;4063.0;btormc;uns;-1;1.07;1.00;53.0;cosa2;uns;-1;420.36;1692.43;3570.0;nuxmv;uns;-1;18.10;52.34;675.0;pono;uns;-1;1.01;4.93;334.0
dblclockfft_butterfly_ck1-p420;avr;uns;-1;5.02;60.13;3547.0;btormc;uns;-1;0.55;0.50;39.0;cosa2;uns;-1;412.32;1659.84;3198.0;nuxmv;uns;-1;7.35;20.22;566.0;pono;uns;-1;0.52;2.02;206.0
dblclockfft_butterfly_ck1-p422;avr;uns;-1;1.10;6.07;985.0;btormc;uns;-1;0.20;0.09;20.0;cosa2;uns;-1;25.10;100.45;892.0;nuxmv;uns;-1;1.76;3.46;317.0;pono;uns;-1;0.29;0.74;145.0
dblclockfft_butterfly_ck1-p428;avr;uns;-1;3.52;39.56;2868.0;btormc;uns;-1;0.36;0.29;34.0;cosa2;uns;-1;85.36;343.22;1680.0;nuxmv;uns;-1;3.62;8.89;469.0;pono;uns;-1;0.44;1.91;219.0
dblclockfft_butterfly_ck1-p432;avr;uns;-1;1.67;15.89;1831.0;btormc;uns;-1;0.14;0.09;20.0;cosa2;uns;-1;2.83;11.04;317.0;nuxmv;uns;-1;1.55;2.75;286.0;pono;uns;-1;0.25;0.70;144.0
dblclockfft_butterfly_ck1-p434;avr;uns;-1;3.35;37.48;2526.0;btormc;uns;-1;0.29;0.20;29.0;cosa2;uns;-1;48.65;195.48;1285.0;nuxmv;uns;-1;3.16;7.67;401.0;pono;uns;-1;0.38;1.32;195.0
dblclockfft_butterfly_ck1-p436;avr;uns;-1;5.30;64.24;3292.0;btormc;uns;-1;0.54;0.50;45.0;cosa2;uns;-1;205.52;827.06;2327.0;nuxmv;uns;-1;7.22;19.63;500.0;pono;uns;-1;0.62;2.94;242.0
dblclockfft_butterfly_ck1-p454;avr;uns;-1;3.83;45.35;3142.0;btormc;uns;-1;0.35;0.29;32.0;cosa2;uns;-1;137.12;551.48;1936.0;nuxmv;uns;-1;5.33;13.90;397.0;pono;uns;-1;0.37;1.32;189.0
dblclockfft_butterfly_ck1-p455;avr;uns;-1;7.68;99.90;4163.0;btormc;uns;-1;0.54;0.50;39.0;cosa2;uns;-1;412.96;1662.64;3123.0;nuxmv;uns;-1;10.88;30.86;575.0;pono;uns;-1;0.49;1.92;209.0
dblclockfft_butterfly_ck2_r0-p043;avr;uns;-1;3.72;42.24;2312.0;btormc;uns;-1;0.82;0.70;40.0;cosa2;uns;-1;95.28;383.12;1481.0;nuxmv;uns;-1;35.39;104.55;729.0;pono;uns;-1;0.94;4.96;281.0
dblclockfft_butterfly_ck2_r0-p048;avr;uns;-1;1.49;13.13;1352.0;btormc;uns;-1;0.10;0.00;0.0;cosa2;uns;-1;1.13;4.19;186.0;nuxmv;uns;-1;1.34;2.19;237.0;pono;uns;-1;0.21;0.14;84.0
dblclockfft_butterfly_ck2_r0-p061;avr;uns;-1;1.58;14.74;1502.0;btormc;uns;-1;0.13;0.09;17.0;cosa2;uns;-1;3.63;13.78;320.0;nuxmv;uns;-1;1.10;1.74;245.0;pono;uns;-1;0.24;0.71;147.0
dblclockfft_butterfly_ck2_r0-p064;avr;uns;-1;4.98;58.81;2492.0;btormc;uns;-1;1.06;0.99;43.0;cosa2;uns;-1;134.98;543.05;1557.0;nuxmv;uns;-1;15.31;44.21;675.0;pono;uns;-1;1.10;5.51;289.0
dblclockfft_butterfly_ck2_r0-p075;avr;uns;-1;3.24;36.20;2147.0;btormc;uns;-1;0.56;0.49;33.0;cosa2;uns;-1;66.32;266.31;1223.0;nuxmv;uns;-1;6.39;17.51;522.0;pono;uns;-1;0.55;2.59;223.0
dblclockfft_butterfly_ck2_r0-p095;avr;uns;-1;32.88;507.35;5927.0;btormc;uns;-1;5.00;4.89;115.0;cosa2;uns;-1;1154.09;4647.28;4029.0;nuxmv;uns;-1;121.41;362.55;1708.0;pono;uns;-1;9.49;56.19;633.0
dblclockfft_butterfly_ck2_r0-p096;avr;uns;-1;61.69;967.78;5858.0;btormc;uns;-1;12.50;12.40;105.0;cosa2;uns;-1;1169.92;4710.78;3050.0;nuxmv;uns;-1;260.08;778.59;2620.0;pono;uns;-1;16.09;96.01;660.0
dblclockfft_butterfly_ck2_r0-p098;avr;uns;-1;1.60;15.19;1701.0;btormc;uns;-1;0.15;0.10;17.0;cosa2;uns;-1;6.44;25.54;427.0;nuxmv;uns;-1;1.57;3.10;265.0;pono;uns;-1;0.24;0.76;147.0
dblclockfft_butterfly_ck2_r0-p100;avr;uns;-1;1.81;18.06;1911.0;btormc;uns;-1;0.23;0.20;24.0;cosa2;uns;-1;15.90;63.44;652.0;nuxmv;uns;-1;2.02;4.35;310.0;pono;uns;-1;0.33;1.35;153.0
dblclockfft_butterfly_ck2_r0-p101;avr;uns;-1;48.04;750.36;5693.0;btormc;uns;-1;9.19;9.09;106.0;cosa2;uns;-1;1158.63;4664.56;3203.0;nuxmv;uns;-1;272.58;815.90;2782.0;pono;uns;-1;15.09;89.98;684.0
dblclockfft_butterfly_ck2_r0-p103;avr;uns;-1;7.40;94.28;2869.0;btormc;uns;-1;3.02;2.99;59.0;cosa2;uns;-1;298.23;1200.73;2336.0;nuxmv;uns;-1;25.82;75.76;874.0;pono;uns;-1;3.66;21.22;409.0
dblclockfft_butterfly_ck2_r0-p106;avr;uns;-1;14.72;214.95;5827.0;btormc;uns;-1;1.32;1.29;45.0;cosa2;uns;-1;1101.53;4309.34;3817.0;nuxmv;uns;-1;34.74;102.50;1209.0;pono;uns;-1;1.34;7.32;308.0
dblclockfft_butterfly_ck2_r0-p129;avr;uns;-1;35.84;554.92;5570.0;btormc;uns;-1;9.07;8.99;160.0;cosa2;uns;-1;1153.97;4646.96;3744.0;nuxmv;uns;-1;189.12;565.70;1880.0;pono;uns;-1;14.57;87.00;826.0
dblclockfft_butterfly_ck2_r0-p134;avr;uns;-1;65.08;1022.13;5742.0;btormc;uns;-1;12.96;12.87;80.0;cosa2;uns;-1;1158.52;4664.21;3462.0;nuxmv;uns;-1;1508.45;4523.54;2548.0;pono;uns;-1;24.25;145.45;746.0
dblclockfft_butterfly_ck2_r0-p152;avr;uns;-1;1.48;12.72;1380.0;btormc;uns;-1;0.09;0.00;0.0;cosa2;uns;-1;1.25;4.12;181.0;nuxmv;uns;-1;0.97;1.32;231.0;pono;uns;-1;0.20;0.13;81.0
dblclockfft_butterfly_ck2_r0-p155;avr;uns;-1;24.98;380.18;5570.0;btormc;uns;-1;4.81;4.70;88.0;cosa2;uns;-1;821.33;3307.25;3051.0;nuxmv;uns;-1;111.64;333.08;1391.0;pono;uns;-1;6.90;40.54;527.0
dblclockfft_butterfly_ck2_r0-p159;avr;uns;-1;40.53;629.73;5666.0;btormc;uns;-1;10.07;9.99;93.0;cosa2;uns;-1;1147.12;4619.39;4057.0;nuxmv;uns;-1;183.20;547.92;1993.0;pono;uns;-1;15.53;91.67;676.0
dblclockfft_butterfly_ck2_r0-p168;avr;uns;-1;5.32;65.84;3189.0;btormc;uns;-1;0.79;0.70;33.0;cosa2;uns;-1;77.81;312.71;1287.0;nuxmv;uns;-1;27.22;80.01;698.0;pono;uns;-1;0.59;2.63;213.0
dblclockfft_butterfly_ck2_r0-p171;avr;uns;-1;5.20;64.43;3200.0;btormc;uns;-1;0.73;0.70;33.0;cosa2;uns;-1;63.39;254.70;1116.0;nuxmv;uns;-1;26.43;77.47;701.0;pono;uns;-1;0.68;3.14;244.0
dblclockfft_butterfly_ck2_r0-p173;avr;uns;-1;37.80;585.23;5780.0;btormc;uns;-1;6.32;6.30;102.0;cosa2;uns;-1;1132.53;4560.24;3461.0;nuxmv;uns;-1;208.20;622.98;1571.0;pono;uns;-1;8.64;51.39;581.0
dblclockfft_butterfly_ck2_r0-p185;avr;uns;-1;8.02;107.03;3733.0;btormc;uns;-1;1.74;1.69;51.0;cosa2;uns;-1;294.42;1184.46;2340.0;nuxmv;uns;-1;40.75;120.71;912.0;pono;uns;-1;2.17;12.21;386.0
dblclockfft_butterfly_ck2_r0-p188;avr;uns;-1;52.38;817.65;5750.0;btormc;uns;-1;18.40;18.29;106.0;cosa2;uns;-1;1157.57;4661.32;2345.0;nuxmv;uns;-1;540.93;1621.01;2746.0;pono;uns;-1;29.00;173.81;791.0
dblclockfft_butterfly_ck2_r0-p218;avr;uns;-1;81.44;1285.24;6234.0;btormc;uns;-1;13.15;13.09;89.0;cosa2;uns;-1;1161.53;4676.75;3791.0;nuxmv;uns;-1;2968.96;8905.03;2642.0;pono;uns;-1;21.53;129.21;720.0
dblclockfft_butterfly_ck2_r0-p232;avr;uns;-1;1.54;13.77;1450.0;btormc;uns;-1;0.28;0.20;21.0;cosa2;uns;-1;28.65;114.93;849.0;nuxmv;uns;-1;1.92;4.02;334.0;pono;uns;-1;0.35;1.34;174.0
dblclockfft_butterfly_ck2_r0-p239;avr;uns;-1;1.59;14.87;1618.0;btormc;uns;-1;0.42;0.40;28.0;cosa2;uns;-1;96.52;388.32;1395.0;nuxmv;uns;-1;4.38;11.55;565.0;pono;uns;-1;0.44;1.92;188.0
dblclockfft_butterfly_ck2_r0-p249;avr;uns;-1;1.69;16.81;1859.0;btormc;uns;-1;0.24;0.19;24.0;cosa2;uns;-1;15.85;63.41;628.0;nuxmv;uns;-1;1.88;3.98;320.0;pono;uns;-1;0.33;1.28;174.0
dblclockfft_butterfly_ck2_r0-p253;avr;uns;-1;40.00;619.94;4309.0;btormc;uns;-1;10.55;10.50;75.0;cosa2;uns;-1;827.45;3332.14;3197.0;nuxmv;uns;-1;237.44;710.53;1475.0;pono;uns;-1;13.57;80.90;645.0
dblclockfft_butterfly_ck3_r0-p021;avr;uns;-1;53.93;832.50;5063.0;btormc;uns;-1;35.64;35.59;91.0;cosa2;uns;-1;491.34;1978.04;980.0;nuxmv;uns;-1;525.31;1574.05;2346.0;pono;uns;-1;47.29;284.18;866.0
dblclockfft_butterfly_ck3_r0-p029;avr;uns;-1;7.91;93.79;3144.0;btormc;uns;-1;1.49;1.40;36.0;cosa2;uns;-1;26.21;104.78;615.0;nuxmv;uns;-1;18.65;53.94;660.0;pono;uns;-1;1.40;7.32;304.0
dblclockfft_butterfly_ck3_r0-p042;avr;uns;-1;19.61;292.19;4813.0;btormc;uns;-1;3.80;3.70;87.0;cosa2;uns;-1;444.64;1789.75;2398.0;nuxmv;uns;-1;105.81;315.99;1495.0;pono;uns;-1;7.30;42.96;607.0
dblclockfft_butterfly_ck3_r0-p048;avr;uns;-1;19.45;291.14;4732.0;btormc;uns;-1;2.11;1.99;66.0;cosa2;uns;-1;450.34;1812.64;2201.0;nuxmv;uns;-1;113.86;339.82;1491.0;pono;uns;-1;6.90;40.52;553.0
dblclockfft_butterfly_ck3_r0-p051;avr;uns;-1;102.36;1606.39;6420.0;btormc;uns;-1;9.12;9.00;65.0;cosa2;uns;-1;775.23;3121.99;1980.0;nuxmv;time;-1;3600.10;7975.82;3663.0;pono;uns;-1;23.47;93.94;474.0
dblclockfft_butterfly_ck3_r0-p052;avr;uns;-1;3.63;17.54;1156.0;btormc;uns;-1;0.40;0.30;20.0;cosa2;uns;-1;11.89;47.30;464.0;nuxmv;uns;-1;4.40;11.71;530.0;pono;uns;-1;0.50;1.91;199.0
dblclockfft_butterfly_ck3_r0-p053;avr;uns;-1;40.78;565.83;4408.0;btormc;uns;-1;7.88;7.80;124.0;cosa2;uns;-1;787.25;3169.63;2758.0;nuxmv;uns;-1;282.66;846.55;2387.0;pono;uns;-1;16.74;100.21;823.0
dblclockfft_butterfly_ck3_r0-p056;avr;uns;-1;5.29;35.19;2157.0;btormc;uns;-1;0.40;0.30;19.0;cosa2;uns;-1;6.40;24.66;333.0;nuxmv;uns;-1;11.02;31.54;530.0;pono;uns;-1;0.71;1.83;184.0
dblclockfft_butterfly_ck3_r0-p066;avr;uns;-1;21.53;286.46;4785.0;btormc;uns;-1;3.98;3.87;88.0;cosa2;uns;-1;448.66;1805.76;2074.0;nuxmv;uns;-1;126.82;378.89;1937.0;pono;uns;-1;7.02;41.61;523.0
dblclockfft_butterfly_ck3_r0-p082;avr;uns;-1;53.68;209.85;4257.0;btormc;uns;-1;2.68;2.57;48.0;cosa2;uns;-1;398.36;1603.55;1628.0;nuxmv;uns;-1;101.06;301.66;1923.0;pono;uns;-1;7.42;43.93;471.0
dblclockfft_butterfly_ck3_r0-p090;avr;uns;-1;34.90;465.30;4608.0;btormc;uns;-1;7.09;6.97;124.0;cosa2;uns;-1;782.27;3149.43;2938.0;nuxmv;uns;-1;210.13;628.85;2206.0;pono;uns;-1;15.02;89.86;782.0
dblclockfft_butterfly_ck3_r0-p111;avr;uns;-1;103.99;1019.27;5073.0;btormc;uns;-1;20.25;20.19;108.0;cosa2;uns;-1;808.20;3253.53;1762.0;nuxmv;uns;-1;817.54;2451.05;3065.0;pono;uns;-1;51.03;305.82;958.0
dblclockfft_butterfly_ck3_r0-p119;avr;uns;-1;40.37;2.77;776.0;btormc;uns;-1;0.44;0.39;21.0;cosa2;uns;-1;25.63;102.41;649.0;nuxmv;uns;-1;4.84;12.59;593.0;pono;uns;-1;0.68;2.77;220.0
dblclockfft_butterfly_ck3_r1-p022;avr;uns;-1;7.49;93.88;2704.0;btormc;uns;-1;1.95;1.89;45.0;cosa2;uns;-1;125.03;503.12;1297.0;nuxmv;uns;-1;74.62;222.31;855.0;pono;uns;-1;4.77;27.85;469.0
dblclockfft_butterfly_ck3_r1-p024;avr;uns;-1;3.31;37.49;2219.0;btormc;uns;-1;0.43;0.40;22.0;cosa2;uns;-1;8.01;31.56;387.0;nuxmv;uns;-1;13.04;37.52;585.0;pono;uns;-1;0.50;1.96;194.0
dblclockfft_butterfly_ck3_r1-p030;avr;uns;-1;1.66;16.78;1675.0;btormc;uns;-1;0.18;0.10;15.0;cosa2;uns;-1;3.76;14.67;275.0;nuxmv;uns;-1;6.85;18.91;447.0;pono;uns;-1;0.28;0.74;140.0
dblclockfft_butterfly_ck3_r1-p047;avr;uns;-1;27.76;425.95;5430.0;btormc;uns;-1;4.04;3.99;94.0;cosa2;uns;-1;534.99;2153.76;2615.0;nuxmv;uns;-1;142.99;427.49;1992.0;pono;uns;-1;8.33;49.55;633.0
dblclockfft_butterfly_ck3_r1-p049;avr;uns;-1;121.34;1925.13;6838.0;btormc;uns;-1;10.72;10.60;72.0;cosa2;uns;-1;941.66;3791.29;2224.0;nuxmv;time;-1;3600.09;8221.93;4294.0;pono;unk;-1;15.96;62.70;521.0
dblclockfft_butterfly_ck3_r1-p054;avr;uns;-1;14.89;216.76;4757.0;btormc;uns;-1;2.19;2.09;55.0;cosa2;uns;-1;455.14;1831.96;2031.0;nuxmv;uns;-1;79.46;236.61;1554.0;pono;uns;-1;5.18;30.26;452.0
dblclockfft_butterfly_ck3_r1-p059;avr;uns;-1;322.34;5142.54;9131.0;btormc;uns;-1;87.99;87.89;144.0;cosa2;uns;-1;2133.76;8591.57;3571.0;nuxmv;uns;-1;366.29;1097.32;1546.0;pono;uns;-1;146.12;880.10;1678.0
dblclockfft_butterfly_ck3_r1-p086;avr;uns;-1;24.19;367.63;5098.0;btormc;uns;-1;4.84;4.77;86.0;cosa2;uns;-1;553.32;2227.73;2248.0;nuxmv;uns;-1;203.30;608.41;2556.0;pono;uns;-1;10.83;64.63;648.0
dblclockfft_butterfly_ck3_r1-p119;avr;uns;-1;62.04;972.49;5709.0;btormc;uns;-1;41.42;41.40;114.0;cosa2;uns;-1;580.02;2335.25;1151.0;nuxmv;uns;-1;672.93;2017.14;2967.0;pono;uns;-1;59.72;358.96;1046.0
dblclockfft_butterfly_ck3_r1-p127;avr;uns;-1;7.14;89.90;2696.0;btormc;uns;-1;2.65;2.60;50.0;cosa2;uns;-1;156.39;629.05;1511.0;nuxmv;uns;-1;43.23;127.86;933.0;pono;uns;-1;5.30;30.86;440.0
dblclockfft_butterfly_ck3_r1-p137;avr;uns;-1;5.08;62.38;2624.0;btormc;uns;-1;0.84;0.79;35.0;cosa2;uns;-1;72.79;292.60;1184.0;nuxmv;uns;-1;29.04;85.56;836.0;pono;uns;-1;1.44;7.95;331.0
dblclockfft_butterfly_ck3_r1-p145;avr;uns;-1;2.20;17.62;1838.0;btormc;uns;-1;0.31;0.19;21.0;cosa2;uns;-1;18.24;73.07;598.0;nuxmv;uns;-1;6.90;18.95;516.0;pono;uns;-1;0.49;1.91;202.0
dblclockfft_butterfly_ck3_r1-p157;avr;uns;-1;337.81;5308.55;8864.0;btormc;uns;-1;80.74;80.70;146.0;cosa2;uns;-1;2146.07;8642.47;5788.0;nuxmv;time;-1;3600.10;10798.30;2289.0;pono;uns;-1;147.61;889.12;1629.0
dblclockfft_butterfly_ck3_r1-p159;avr;uns;-1;102.82;1626.17;5891.0;btormc;uns;-1;34.87;34.77;99.0;cosa2;uns;-1;1375.66;5538.97;5084.0;nuxmv;uns;-1;1703.35;5108.68;2036.0;pono;uns;-1;67.39;405.44;1169.0
dblclockfft_butterfly_ck3_r2-p010;avr;uns;-1;14.15;207.22;4491.0;btormc;uns;-1;2.49;2.40;42.0;cosa2;uns;-1;85.72;344.36;1148.0;nuxmv;uns;-1;71.55;213.06;1018.0;pono;uns;-1;2.53;14.61;412.0
dblclockfft_butterfly_ck3_r2-p015;avr;uns;-1;44.31;648.70;4800.0;btormc;uns;-1;13.65;13.59;85.0;cosa2;uns;-1;984.13;3962.79;3246.0;nuxmv;time;-1;3600.10;10798.39;2971.0;pono;uns;-1;29.82;179.11;916.0
dblclockfft_butterfly_ck3_r2-p021;avr;uns;-1;17.07;253.03;4760.0;btormc;uns;-1;4.32;4.29;67.0;cosa2;uns;-1;202.54;815.36;1840.0;nuxmv;uns;-1;47.77;141.89;973.0;pono;uns;-1;6.30;36.92;566.0
dblclockfft_butterfly_ck3_r2-p029;avr;uns;-1;226.79;3610.97;8129.0;btormc;uns;-1;73.46;73.39;147.0;cosa2;uns;-1;2509.04;10103.55;5035.0;nuxmv;time;-1;3600.10;10798.56;3756.0;pono;uns;-1;151.30;911.50;1866.0
dblclockfft_butterfly_ck3_r2-p042;avr;uns;-1;748.08;11962.92;13994.0;btormc;uns;-1;188.00;187.89;177.0;cosa2;uns;-1;3385.34;13632.47;9732.0;nuxmv;time;-1;3600.09;10798.72;3653.0;pono;uns;-1;340.46;2052.64;4469.0
dblclockfft_butterfly_ck3_r2-p052;avr;uns;-1;10.89;154.60;4060.0;btormc;uns;-1;1.67;1.60;35.0;cosa2;uns;-1;36.30;145.08;794.0;nuxmv;uns;-1;86.41;257.70;966.0;pono;uns;-1;1.49;7.95;337.0
dblclockfft_butterfly_ck3_r2-p059;avr;uns;-1;1.86;19.41;1854.0;btormc;uns;-1;0.19;0.10;16.0;cosa2;uns;-1;3.97;14.99;292.0;nuxmv;uns;-1;7.02;19.06;470.0;pono;uns;-1;0.32;1.21;137.0
dblclockfft_butterfly_ck3_r2-p060;avr;uns;-1;7.11;88.51;2721.0;btormc;uns;-1;2.79;2.70;54.0;cosa2;uns;-1;183.76;739.31;1555.0;nuxmv;uns;-1;51.15;152.07;1108.0;pono;uns;-1;5.36;31.43;456.0
dblclockfft_butterfly_ck3_r2-p079;avr;uns;-1;1.53;14.50;1581.0;btormc;uns;-1;2.41;2.30;43.0;cosa2;uns;-1;530.59;2135.93;2683.0;nuxmv;uns;-1;32.30;94.95;1116.0;pono;uns;-1;4.22;24.22;443.0
dblclockfft_butterfly_ck3_r2-p093;avr;uns;-1;28.20;431.54;5510.0;btormc;uns;-1;5.33;5.30;108.0;cosa2;uns;-1;623.04;2508.64;2731.0;nuxmv;uns;-1;174.42;521.72;1978.0;pono;uns;-1;11.09;65.86;726.0
dblclockfft_butterfly_ck3_r2-p114;avr;uns;-1;0.52;2.03;807.0;btormc;uns;-1;0.45;0.40;26.0;cosa2;uns;-1;43.32;174.02;887.0;nuxmv;uns;-1;4.68;12.16;594.0;pono;uns;-1;0.58;2.50;228.0
dblclockfft_butterfly_ck3_r2-p133;avr;uns;-1;18.66;279.47;4445.0;btormc;uns;-1;3.44;3.36;58.0;cosa2;uns;-1;99.70;400.48;1331.0;nuxmv;uns;-1;37.69;111.56;885.0;pono;uns;-1;3.92;22.47;464.0
dblclockfft_butterfly_ck3_r2-p146;avr;uns;-1;85.96;1356.00;6148.0;btormc;uns;-1;36.08;36.00;144.0;cosa2;uns;-1;1129.97;4549.88;2328.0;nuxmv;uns;-1;1521.52;4562.88;5210.0;pono;uns;-1;68.94;415.07;1218.0
dblclockfft_butterfly_ck3_r2-p148;avr;uns;-1;5.26;65.51;2771.0;btormc;uns;-1;0.87;0.80;39.0;cosa2;uns;-1;86.60;348.14;1318.0;nuxmv;uns;-1;30.31;89.36;1003.0;pono;uns;-1;1.49;7.97;358.0
dblclockfft_butterfly_ck3_r2-p151;avr;uns;-1;28.36;434.27;4226.0;btormc;uns;-1;6.20;6.09;68.0;cosa2;uns;-1;406.52;1635.82;2947.0;nuxmv;uns;-1;648.49;1943.32;2413.0;pono;uns;-1;11.84;70.69;612.0
dblclockfft_butterfly_ck3_r2-p154;avr;uns;-1;46.35;723.34;4607.0;btormc;uns;-1;16.16;16.09;101.0;cosa2;uns;-1;664.38;2674.47;2760.0;nuxmv;uns;-1;2398.90;7195.24;2399.0;pono;uns;-1;32.52;194.92;921.0
dblclockfft_butterfly_ck3_r2-p155;avr;uns;-1;26.12;397.93;5543.0;btormc;uns;-1;4.92;4.89;104.0;cosa2;uns;-1;625.61;2518.77;2725.0;nuxmv;uns;-1;192.41;575.61;1774.0;pono;uns;-1;10.93;65.27;669.0
dblclockfft_butterfly_ck3_r2-p156;avr;uns;-1;0.42;1.18;424.0;btormc;uns;-1;2.22;2.20;38.0;cosa2;uns;-1;330.44;1330.38;2489.0;nuxmv;uns;-1;34.80;102.41;1711.0;pono;uns;-1;4.12;23.58;481.0
dblclockfft_butterfly_ck3_r2-p173;avr;uns;-1;7.78;103.66;3164.0;btormc;uns;-1;2.47;2.39;56.0;cosa2;uns;-1;182.11;732.74;1655.0;nuxmv;uns;-1;65.89;196.13;1196.0;pono;uns;-1;5.77;32.61;502.0
easy_zero_array;avr;unk;-1;3576.44;50073.22;10187.0;btormc;time;-1;3600.09;3599.87;2797.0;cosa2;time;-1;3600.09;8696.60;6958.0;nuxmv;time;-1;3600.10;7199.02;924.0;pono;uns;-1;0.72;0.74;63.0
marlann_compute_fail1-p0;avr;sat;-1;40.43;10.49;1384.0;btormc;sat;-1;0.47;0.39;48.0;cosa2;sat;-1;0.19;0.21;56.0;nuxmv;sat;-1;0.61;0.66;181.0;pono;sat;-1;0.28;0.51;101.0
marlann_compute_fail1-p1;avr;uns;-1;27.50;23.36;1215.0;btormc;uns;-1;0.21;0.10;11.0;cosa2;uns;-1;0.54;1.83;100.0;nuxmv;uns;-1;8.08;23.02;352.0;pono;uns;-1;0.33;0.92;93.0
marlann_compute_fail1-p2;avr;uns;-1;34.80;10.72;1308.0;btormc;uns;-1;0.19;0.10;11.0;cosa2;uns;-1;0.52;1.42;94.0;nuxmv;uns;-1;20.62;60.19;394.0;pono;uns;-1;0.33;0.95;89.0
marlann_compute_fail2-p1;avr;sat;-1;36.18;15.95;1464.0;btormc;sat;-1;0.29;0.19;12.0;cosa2;sat;-1;0.18;0.23;55.0;nuxmv;sat;-1;5.70;15.83;312.0;pono;sat;-1;0.23;0.51;91.0
marlann_compute_fail2-p2;avr;sat;-1;40.72;6.80;943.0;btormc;sat;-1;0.31;0.17;12.0;cosa2;sat;-1;0.31;0.09;39.0;nuxmv;sat;-1;5.05;13.59;289.0;pono;sat;-1;0.24;0.50;88.0
picorv32-check-p01;avr;uns;-1;29.82;2.69;725.0;btormc;time;-1;3600.09;3599.96;3406.0;cosa2;unk;-1;2.49;9.36;207.0;nuxmv;uns;-1;101.95;304.08;3458.0;pono;unk;-1;13.26;52.69;561.0
picorv32-check-p06;avr;uns;-1;37.23;9.22;875.0;btormc;time;-1;3600.09;3599.94;2838.0;cosa2;unk;-1;11.32;45.13;396.0;nuxmv;uns;-1;45.29;134.16;1735.0;pono;unk;-1;3.22;12.31;271.0
picorv32-check-p08;avr;uns;-1;32.83;6.47;715.0;btormc;time;-1;3600.09;3599.88;2499.0;cosa2;unk;-1;2.40;8.42;193.0;nuxmv;uns;-1;154.40;461.79;3958.0;pono;unk;-1;3.70;14.08;298.0
picorv32-check-p09;avr;uns;-1;37.11;2.16;683.0;btormc;time;-1;3600.09;3599.94;2486.0;cosa2;unk;-1;7.20;27.75;348.0;nuxmv;uns;-1;17.22;49.82;1172.0;pono;unk;-1;2.99;11.25;340.0
picorv32-check-p10;avr;unk;-1;29.98;5.73;699.0;btormc;uns;-1;15.71;15.56;131.0;cosa2;unk;-1;39.95;160.29;799.0;nuxmv;uns;-1;77.36;230.26;3176.0;pono;unk;-1;4.77;18.50;364.0
picorv32-check-p14;avr;uns;-1;37.17;18.48;809.0;btormc;time;-1;3600.10;3599.87;2827.0;cosa2;unk;-1;28.93;115.98;926.0;nuxmv;uns;-1;54.92;162.95;3038.0;pono;unk;-1;6.29;24.56;434.0
picorv32-check-p18;avr;uns;-1;35.11;3.90;846.0;btormc;time;-1;3600.09;3599.94;3162.0;cosa2;unk;-1;5.37;20.47;360.0;nuxmv;uns;-1;58.26;173.09;1825.0;pono;unk;-1;14.03;55.85;516.0
picorv32_mutAX_mem-p0;avr;unk;-1;3575.35;47562.67;12934.0;btormc;time;-1;3600.10;3599.98;482.0;cosa2;unk;-1;1741.28;7011.92;1877.0;nuxmv;time;-1;3600.10;10763.91;9043.0;pono;time;-1;3600.10;14498.97;3048.0
picorv32_mutAX_mem-p7;avr;sat;-1;172.17;2434.42;4564.0;btormc;sat;-1;94.47;94.36;308.0;cosa2;sat;-1;60.35;242.22;1075.0;nuxmv;time;-1;3600.10;10764.06;9285.0;pono;sat;-1;58.70;235.84;907.0
picorv32_mutAY_mem-p5;avr;sat;-1;112.62;1676.39;4829.0;btormc;sat;-1;89.45;89.40;272.0;cosa2;sat;-1;49.63;199.34;678.0;nuxmv;time;-1;3600.09;10798.38;4448.0;pono;sat;-1;47.50;189.72;753.0
picorv32_mutAY_mem-p6;avr;sat;-1;235.48;3315.46;4511.0;btormc;sat;-1;140.82;140.76;276.0;cosa2;sat;-1;68.22;274.22;755.0;nuxmv;time;-1;3600.10;10798.06;3365.0;pono;sat;-1;91.14;365.70;823.0
picorv32_mutAY_mem-p8;avr;sat;-1;134.36;1926.70;4369.0;btormc;sat;-1;74.32;74.29;208.0;cosa2;sat;-1;58.09;233.26;645.0;nuxmv;time;-1;3600.09;10798.67;3325.0;pono;sat;-1;37.45;150.25;630.0
picorv32_mutBX_mem-p1;avr;sat;-1;838.67;11502.62;7550.0;btormc;sat;-1;510.76;510.69;364.0;cosa2;sat;-1;317.50;1277.80;1314.0;nuxmv;time;-1;3600.10;10759.66;8753.0;pono;sat;-1;298.94;1202.81;1369.0
picorv32_mutBX_mem-p2;avr;sat;-1;954.72;14050.85;8282.0;btormc;sat;-1;574.19;574.10;397.0;cosa2;sat;-1;351.90;1415.88;1352.0;nuxmv;time;-1;3600.10;10760.81;9240.0;pono;sat;-1;300.52;1208.99;1307.0
picorv32_mutBX_mem-p5;avr;sat;-1;591.98;8703.93;6876.0;btormc;sat;-1;267.18;267.09;379.0;cosa2;sat;-1;184.79;743.46;1188.0;nuxmv;time;-1;3600.10;10761.14;10015.0;pono;sat;-1;224.05;901.97;1302.0
picorv32_mutBX_mem-p6;avr;sat;-1;868.78;12175.72;5861.0;btormc;sat;-1;557.19;557.08;427.0;cosa2;sat;-1;529.26;2130.26;1552.0;nuxmv;time;-1;3600.10;10759.47;9518.0;pono;sat;-1;455.80;1835.03;1500.0
picorv32_mutBX_mem-p7;avr;sat;-1;2243.19;31185.99;12407.0;btormc;sat;-1;2237.27;2237.13;469.0;cosa2;sat;-1;1079.58;4346.51;1927.0;nuxmv;time;-1;3600.10;10760.64;8804.0;pono;sat;-1;1128.82;4545.44;2220.0
picorv32_mutBY_mem-p4;avr;sat;-1;250.55;3587.13;5769.0;btormc;sat;-1;77.56;77.49;237.0;cosa2;sat;-1;46.61;186.87;660.0;nuxmv;time;-1;3600.09;10798.76;2540.0;pono;sat;-1;65.54;262.56;775.0
picorv32_mutBY_mem-p8;avr;unk;-1;3574.58;45352.11;11815.0;btormc;time;-1;3600.09;3600.03;429.0;cosa2;unk;-1;750.53;3021.33;1050.0;nuxmv;time;-1;3600.10;10798.68;3099.0;pono;unk;-1;1275.10;5134.15;1394.0
picorv32_mutCX_mem-p0;avr;sat;-1;859.20;12668.34;8070.0;btormc;sat;-1;677.33;677.27;360.0;cosa2;sat;-1;321.42;1293.57;1264.0;nuxmv;time;-1;3600.10;10761.43;8974.0;pono;sat;-1;313.62;1262.45;1361.0
picorv32_mutCX_mem-p3;avr;sat;-1;485.95;7283.76;7102.0;btormc;sat;-1;372.02;371.99;338.0;cosa2;sat;-1;235.68;948.09;1195.0;nuxmv;time;-1;3600.10;10759.68;9533.0;pono;sat;-1;285.46;1148.32;1284.0
picorv32_mutCX_mem-p7;avr;sat;-1;2267.57;32223.49;13127.0;btormc;sat;-1;2276.68;2276.57;513.0;cosa2;sat;-1;1589.66;6401.56;1895.0;nuxmv;time;-1;3600.09;10760.64;8948.0;pono;sat;-1;979.27;3943.38;1735.0
picorv32_mutCY_mem-p1;avr;sat;-1;697.20;9166.18;8595.0;btormc;sat;-1;427.75;427.68;301.0;cosa2;sat;-1;214.48;863.03;897.0;nuxmv;time;-1;3600.10;10798.25;3774.0;pono;sat;-1;273.57;1100.19;990.0
picorv32_mutCY_mem-p3;avr;sat;-1;324.47;4700.94;6019.0;btormc;sat;-1;343.33;343.28;297.0;cosa2;sat;-1;179.16;720.88;876.0;nuxmv;time;-1;3600.10;10798.60;3333.0;pono;sat;-1;172.37;693.60;930.0
picorv32_mutCY_mem-p8;avr;unk;-1;3575.34;44111.25;9603.0;btormc;time;-1;3600.09;3600.01;446.0;cosa2;time;-1;3600.10;14495.95;2188.0;nuxmv;time;-1;3600.10;10798.71;3493.0;pono;time;-1;3600.10;14498.39;2067.0
ponylink-slaveTXlen-unsat;avr;unk;-1;3574.35;56711.13;98426.0;btormc;uns;-1;2988.98;2988.82;1167.0;cosa2;time;-1;3600.10;14497.12;6733.0;nuxmv;time;-1;3600.10;10798.81;22449.0;pono;time;-1;3600.11;14498.97;7056.0
ridecore_array_unknown;avr;unk;-1;3574.82;45097.68;20595.0;btormc;time;-1;3600.09;3599.90;2929.0;cosa2;time;-1;3600.10;14498.09;5783.0;nuxmv;time;-1;3600.09;10795.81;4807.0;pono;time;-1;3600.10;14501.13;4234.0
ridecore_array_unsafe;avr;sat;-1;78.10;1229.97;10600.0;btormc;sat;-1;1472.02;1471.97;1791.0;cosa2;time;-1;3600.09;6365.01;4040.0;nuxmv;time;-1;3600.10;10795.64;5006.0;pono;unk;-1;66.10;267.09;2221.0
simple-stack-pred1;avr;unk;-1;3572.83;53024.77;12847.0;btormc;time;-1;3600.09;3599.86;2490.0;cosa2;time;-1;3600.10;10890.88;6972.0;nuxmv;time;-1;3600.10;7199.10;3707.0;pono;time;-1;3600.10;7278.54;3397.0
zipcpu-zipmmu-p00;avr;uns;-1;168.59;1909.66;3091.0;btormc;time;-1;3600.09;3599.96;683.0;cosa2;time;-1;3600.10;12141.39;4266.0;nuxmv;uns;-1;450.31;1348.87;1285.0;pono;time;-1;3600.10;12356.59;11812.0
zipcpu-zipmmu-p01;avr;uns;-1;80.27;664.19;2628.0;btormc;time;-1;3600.09;3599.96;436.0;cosa2;time;-1;3600.10;12564.56;4063.0;nuxmv;uns;-1;790.42;2369.61;1852.0;pono;time;-1;3600.10;12793.48;8158.0
zipcpu-zipmmu-p06;avr;uns;-1;101.90;1009.15;3225.0;btormc;time;-1;3600.10;3599.95;862.0;cosa2;time;-1;3600.09;11334.85;4002.0;nuxmv;uns;-1;252.44;755.39;2381.0;pono;time;-1;3600.09;11373.47;20697.0
zipcpu-zipmmu-p26;avr;uns;-1;132.44;1406.40;3365.0;btormc;time;-1;3600.09;3600.00;656.0;cosa2;mem;-1;1465.70;5519.85;122906.0;nuxmv;time;-1;3600.09;10799.04;3819.0;pono;time;-1;3600.09;12100.93;20359.0
zipcpu-zipmmu-p28;avr;uns;-1;39.36;53.12;1086.0;btormc;uns;-1;1.62;1.56;16.0;cosa2;uns;-1;2.28;8.66;114.0;nuxmv;uns;-1;45.38;134.60;408.0;pono;uns;-1;2.19;7.26;143.0
zipcpu-zipmmu-p29;avr;uns;-1;105.07;1091.48;3549.0;btormc;time;-1;3600.09;3599.98;503.0;cosa2;time;-1;3600.10;12708.84;3151.0;nuxmv;uns;-1;1290.22;3869.32;1638.0;pono;time;-1;3600.10;14165.51;5010.0
zipcpu-zipmmu-p31;avr;uns;-1;36.04;5.14;659.0;btormc;time;-1;3600.10;3599.94;1161.0;cosa2;uns;-1;0.46;0.89;82.0;nuxmv;uns;-1;0.99;1.77;206.0;pono;uns;-1;1.11;2.83;154.0
zipcpu-zipmmu-p34;avr;uns;-1;37.01;30.29;873.0;btormc;time;-1;3600.09;3599.90;1324.0;cosa2;uns;-1;23.39;93.09;473.0;nuxmv;uns;-1;8.63;24.52;381.0;pono;uns;-1;645.24;1919.52;2132.0
zipcpu-zipmmu-p41;avr;uns;-1;149.95;1729.01;3931.0;btormc;uns;-1;728.90;728.77;199.0;cosa2;uns;-1;2027.71;5334.26;1995.0;nuxmv;time;-1;3600.10;10798.96;6187.0;pono;uns;-1;782.86;3151.93;3794.0
zipcpu_zipcpu_dcache-p019;avr;uns;-1;1.67;15.43;1598.0;btormc;uns;-1;0.43;0.40;33.0;cosa2;uns;-1;0.52;1.66;145.0;nuxmv;uns;-1;2.38;4.75;351.0;pono;uns;-1;0.49;1.62;170.0
zipcpu_zipcpu_dcache-p028;avr;uns;-1;17.69;262.51;8522.0;btormc;time;-1;3600.09;3599.89;2446.0;cosa2;time;-1;3600.10;14495.48;26693.0;nuxmv;time;-1;3600.09;10797.62;5446.0;pono;time;-1;3600.10;14496.42;60406.0
zipcpu_zipcpu_dcache-p034;avr;uns;-1;3.58;41.40;2599.0;btormc;time;-1;3600.09;3599.92;2391.0;cosa2;time;-1;3600.10;14496.05;32523.0;nuxmv;uns;-1;320.91;960.15;3053.0;pono;time;-1;3600.12;14499.10;69767.0
zipcpu_zipcpu_dcache-p041;avr;uns;-1;1.63;15.38;1654.0;btormc;uns;-1;0.79;0.70;50.0;cosa2;uns;-1;0.78;2.61;224.0;nuxmv;uns;-1;15.02;42.60;790.0;pono;uns;-1;0.62;2.16;184.0
zipcpu_zipcpu_dcache-p059;avr;uns;-1;1.56;12.70;1303.0;btormc;uns;-1;0.19;0.10;19.0;cosa2;uns;-1;0.35;0.96;128.0;nuxmv;uns;-1;1.47;2.07;232.0;pono;uns;-1;0.36;1.31;175.0
zipcpu_zipcpu_dcache-p068;avr;uns;-1;8.07;108.96;5432.0;btormc;time;-1;3600.10;3599.94;2238.0;cosa2;time;-1;3600.12;14497.12;58940.0;nuxmv;time;-1;3600.11;10797.72;7151.0;pono;mem;-1;3554.30;14313.48;122900.0
zipcpu_zipcpu_dcache-p071;avr;uns;-1;1.54;14.20;1503.0;btormc;time;-1;3600.09;3599.97;2616.0;cosa2;time;-1;3600.10;14497.75;34790.0;nuxmv;uns;-1;92.99;276.47;1305.0;pono;uns;-1;2951.86;11887.35;55719.0
zipcpu_zipcpu_dcache-p072;avr;uns;-1;9.38;129.40;5626.0;btormc;time;-1;3600.09;3599.88;2643.0;cosa2;time;-1;3600.09;14497.64;21672.0;nuxmv;uns;-1;1196.32;3586.22;4615.0;pono;time;-1;3600.10;14497.81;26283.0
zipcpu_zipcpu_dcache-p079;avr;uns;-1;82.79;1305.81;12461.0;btormc;time;-1;3600.09;3599.98;2455.0;cosa2;time;-1;3600.10;14495.80;30788.0;nuxmv;time;-1;3600.10;9027.12;6632.0;pono;time;-1;3600.10;14499.70;39075.0
zipcpu_zipcpu_dcache-p082;avr;uns;-1;3.39;37.51;2479.0;btormc;time;-1;3600.09;3599.99;2451.0;cosa2;uns;-1;2654.77;10690.46;13398.0;nuxmv;uns;-1;459.90;1377.17;2766.0;pono;uns;-1;3198.54;12880.40;77761.0
zipcpu_zipcpu_dcache-p085;avr;uns;-1;1.57;13.63;1430.0;btormc;uns;-1;0.19;0.10;19.0;cosa2;uns;-1;0.34;0.99;128.0;nuxmv;uns;-1;1.52;2.11;239.0;pono;uns;-1;0.37;1.32;175.0
zipcpu_zipcpu_dcache-p088;avr;uns;-1;1.67;15.37;1586.0;btormc;uns;-1;0.43;0.40;33.0;cosa2;uns;-1;0.55;1.80;171.0;nuxmv;uns;-1;2.42;4.81;340.0;pono;uns;-1;0.48;1.72;176.0
zipcpu_zipcpu_dcache-p090;avr;uns;-1;1.73;16.82;1707.0;btormc;uns;-1;0.50;0.40;32.0;cosa2;uns;-1;0.56;1.80;174.0;nuxmv;uns;-1;4.76;11.98;426.0;pono;uns;-1;0.50;1.76;176.0
zipcpu_zipcpu_dcache-p097;avr;uns;-1;1.66;15.78;1669.0;btormc;uns;-1;0.47;0.39;32.0;cosa2;uns;-1;0.54;1.76;172.0;nuxmv;uns;-1;2.99;6.61;372.0;pono;uns;-1;0.52;1.68;171.0
zipcpu_zipcpu_dcache-p126;avr;unk;-1;3573.19;50457.61;20809.0;btormc;time;-1;3600.09;3600.00;1755.0;cosa2;time;-1;3600.11;14497.24;12021.0;nuxmv;time;-1;3600.10;10796.49;5752.0;pono;time;-1;3600.10;14498.92;43326.0
zipcpu_zipcpu_dcache-p138;avr;unk;-1;3574.67;49407.14;20852.0;btormc;time;-1;3600.10;3599.99;732.0;cosa2;time;-1;3600.12;14496.13;33946.0;nuxmv;time;-1;3600.10;10797.63;8027.0;pono;mem;-1;2845.90;11459.79;122888.0
zipcpu_zipcpu_dcache-p141;avr;unk;-1;3573.30;52096.10;34632.0;btormc;time;-1;3600.09;3599.94;934.0;cosa2;time;-1;3600.10;14496.83;18090.0;nuxmv;time;-1;3600.10;10797.79;7736.0;pono;mem;-1;3491.50;14061.12;122896.0
zipcpu_zipcpu_dcache-p158;avr;uns;-1;55.53;868.54;10415.0;btormc;time;-1;3600.09;3599.94;2404.0;cosa2;time;-1;3600.10;14496.86;12456.0;nuxmv;time;-1;3600.09;10797.55;6059.0;pono;time;-1;3600.10;14497.21;63036.0
zipcpu_zipcpu_dcache-p159;avr;uns;-1;1.73;17.28;1810.0;btormc;time;-1;3600.09;3599.95;2430.0;cosa2;uns;-1;459.13;1848.09;6668.0;nuxmv;uns;-1;138.70;413.66;1811.0;pono;uns;-1;1148.66;4625.04;17348.0
zipcpu_zipcpu_dcache-p164;avr;unk;-1;3556.39;56931.85;42100.0;btormc;time;-1;3600.10;3599.87;1613.0;cosa2;time;-1;3600.10;14496.57;21488.0;nuxmv;time;-1;3600.10;10797.45;8861.0;pono;time;-1;3600.11;14498.22;90541.0
zipcpu_zipcpu_dcache-p179;avr;uns;-1;36.98;571.62;10840.0;btormc;time;-1;3600.09;3599.98;2200.0;cosa2;time;-1;3600.10;14496.78;28748.0;nuxmv;uns;-1;260.31;778.32;3021.0;pono;time;-1;3600.10;14498.20;40743.0
zipcpu_zipcpu_dcache-p192;avr;uns;-1;20.18;302.37;8926.0;btormc;time;-1;3600.09;3599.97;2085.0;cosa2;time;-1;3600.10;14496.59;30062.0;nuxmv;uns;-1;362.13;1083.91;3082.0;pono;time;-1;3600.10;14497.95;81523.0
zipcpu_zipcpu_dcache-p199;avr;uns;-1;1.67;16.02;1676.0;btormc;uns;-1;0.43;0.39;33.0;cosa2;uns;-1;0.55;1.78;171.0;nuxmv;uns;-1;6.54;17.00;489.0;pono;uns;-1;0.48;1.63;170.0
zipcpu_zipcpu_dcache-p209;avr;uns;-1;9.48;131.10;6813.0;btormc;time;-1;3600.09;3599.99;2557.0;cosa2;time;-1;3600.10;14496.78;19009.0;nuxmv;uns;-1;1933.02;5796.37;4501.0;pono;time;-1;3600.10;14498.95;43802.0
zipcpu_zipcpu_dcache-p211;avr;uns;-1;3.25;35.40;2512.0;btormc;time;-1;3600.09;3599.94;2884.0;cosa2;time;-1;3600.10;14498.19;32019.0;nuxmv;uns;-1;332.52;994.96;3804.0;pono;uns;-1;907.73;3655.20;9435.0
zipcpu_zipcpu_dcache-p229;avr;unk;-1;3574.81;45510.79;39297.0;btormc;time;-1;3600.09;3599.96;1319.0;cosa2;time;-1;3600.10;14495.91;113089.0;nuxmv;time;-1;3600.10;10796.34;7149.0;pono;time;-1;3600.10;14497.38;45992.0
zipcpu_zipcpu_dcache-p236;avr;uns;-1;1.68;16.08;1679.0;btormc;uns;-1;0.83;0.79;49.0;cosa2;uns;-1;0.83;2.98;225.0;nuxmv;uns;-1;153.07;456.79;2426.0;pono;uns;-1;0.64;2.53;223.0
zipcpu_zipcpu_dcache-p237;avr;uns;-1;1.67;16.27;1768.0;btormc;time;-1;3600.10;3599.86;2125.0;cosa2;time;-1;3600.12;14496.97;20329.0;nuxmv;uns;-1;191.00;570.53;2374.0;pono;uns;-1;1615.89;6508.14;22202.0
zipcpu_zipcpu_dcache-p238;avr;uns;-1;1.80;17.27;1739.0;btormc;time;-1;3600.09;3599.96;2409.0;cosa2;uns;-1;1861.84;7497.93;13559.0;nuxmv;uns;-1;385.77;1154.77;2463.0;pono;uns;-1;1576.40;6348.27;11056.0
zipcpu_zipcpu_dcache-p242;avr;uns;-1;1.59;13.42;1486.0;btormc;time;-1;3600.09;3599.96;2429.0;cosa2;uns;-1;968.91;3901.47;9365.0;nuxmv;uns;-1;196.67;587.51;1981.0;pono;uns;-1;55.58;223.56;2115.0
zipcpu_zipcpu_dcache-p286;avr;uns;-1;16.33;239.69;5268.0;btormc;time;-1;3600.09;3599.90;2264.0;cosa2;time;-1;3600.10;14496.57;11144.0;nuxmv;uns;-1;718.42;2152.61;4540.0;pono;time;-1;3600.10;14497.28;39200.0
zipcpu_zipcpu_dcache-p293;avr;uns;-1;1.65;15.33;1483.0;btormc;time;-1;3600.10;3599.90;2255.0;cosa2;uns;-1;7.86;31.22;860.0;nuxmv;uns;-1;79.27;235.43;1899.0;pono;uns;-1;16.51;66.18;971.0
zipcpu_zipcpu_dcache-p301;avr;uns;-1;1.75;16.99;1654.0;btormc;uns;-1;0.79;0.70;50.0;cosa2;uns;-1;0.79;2.64;225.0;nuxmv;uns;-1;11.42;31.71;711.0;pono;uns;-1;0.64;2.56;221.0
zipcpu_zipcpu_dcache-p304;avr;uns;-1;1.56;13.16;1378.0;btormc;uns;-1;0.11;0.00;0.0;cosa2;uns;-1;0.35;0.97;126.0;nuxmv;uns;-1;1.21;1.14;156.0;pono;uns;-1;0.37;1.27;171.0
zipcpu_zipcpu_dcache-p340;avr;unk;-1;3575.97;48190.26;29006.0;btormc;time;-1;3600.10;3599.97;1045.0;cosa2;time;-1;3600.10;14497.27;4040.0;nuxmv;time;-1;3600.10;10797.78;8162.0;pono;time;-1;3600.10;14496.77;64683.0
zipcpu_zipcpu_dcache-p351;avr;uns;-1;1.36;10.46;1216.0;btormc;uns;-1;0.19;0.09;19.0;cosa2;uns;-1;0.35;0.98;126.0;nuxmv;uns;-1;1.27;1.44;189.0;pono;uns;-1;0.37;1.26;171.0
zipcpu_zipcpu_dcache-p360;avr;unk;-1;3576.47;55070.32;42910.0;btormc;time;-1;3600.09;3599.97;1476.0;cosa2;time;-1;3600.10;14496.01;45683.0;nuxmv;time;-1;3600.10;10797.60;5756.0;pono;mem;-1;3118.60;12560.47;122884.0
zipcpu_zipcpu_dcache-p362;avr;uns;-1;1.74;17.56;1791.0;btormc;time;-1;3600.10;3599.97;2148.0;cosa2;time;-1;3600.10;14497.39;35305.0;nuxmv;uns;-1;264.94;792.25;3235.0;pono;time;-1;3600.11;14498.77;57784.0
zipcpu_zipcpu_dcache-p377;avr;uns;-1;1.46;11.00;1167.0;btormc;uns;-1;0.20;0.10;18.0;cosa2;uns;-1;0.35;0.97;126.0;nuxmv;uns;-1;1.51;2.00;232.0;pono;uns;-1;0.37;1.30;173.0
zipcpu_zipcpu_dcache-p388;avr;uns;-1;47.68;743.78;9667.0;btormc;time;-1;3600.09;3599.92;2330.0;cosa2;time;-1;3600.10;14498.78;40026.0;nuxmv;uns;-1;2538.18;7611.20;6898.0;pono;mem;-1;2366.00;9526.96;122908.0
zipcpu_zipcpu_dcache-p407;avr;uns;-1;374.34;5976.57;18508.0;btormc;time;-1;3600.09;3599.92;2251.0;cosa2;time;-1;3600.10;14496.12;34814.0;nuxmv;time;-1;3600.10;10797.62;6368.0;pono;time;-1;3600.10;14497.87;81570.0
zipcpu_zipcpu_dcache-p428;avr;uns;-1;1.66;15.45;1553.0;btormc;uns;-1;2.12;1.99;79.0;cosa2;uns;-1;5.59;21.94;689.0;nuxmv;uns;-1;211.85;633.03;2518.0;pono;uns;-1;1.42;5.65;368.0
zipcpu_zipcpu_dcache-p429;avr;uns;-1;1.63;15.34;1566.0;btormc;uns;-1;0.42;0.39;31.0;cosa2;uns;-1;0.54;1.75;170.0;nuxmv;uns;-1;6.70;17.57;510.0;pono;uns;-1;0.48;1.66;171.0
zipcpu_zipcpu_dcache-p438;avr;uns;-1;1.52;12.37;1391.0;btormc;time;-1;3600.09;3599.92;2522.0;cosa2;uns;-1;773.59;3114.69;6642.0;nuxmv;uns;-1;87.27;259.27;1939.0;pono;uns;-1;429.99;1731.21;9093.0
zipcpu_zipcpu_dcache-p440;avr;uns;-1;8.03;105.33;3774.0;btormc;time;-1;3600.09;3599.84;2489.0;cosa2;time;-1;3600.10;14497.55;16059.0;nuxmv;uns;-1;422.02;1263.49;3329.0;pono;time;-1;3600.10;14497.54;82159.0
zipcpu_zipcpu_dcache-p451;avr;uns;-1;2.01;20.08;1989.0;btormc;time;-1;3600.10;3599.87;1266.0;cosa2;uns;-1;1448.24;5831.86;14623.0;nuxmv;uns;-1;2214.60;6640.40;5231.0;pono;uns;-1;910.69;3667.40;14392.0
zipcpu_zipcpu_dcache-p476;avr;uns;-1;29.23;442.87;7773.0;btormc;time;-1;3600.09;3599.99;2505.0;cosa2;time;-1;3600.10;14497.89;35460.0;nuxmv;uns;-1;770.93;2310.15;4283.0;pono;time;-1;3600.10;14495.53;86530.0
zipcpu_zipcpu_dcache-p504;avr;uns;-1;1.66;15.83;1662.0;btormc;time;-1;3600.09;3599.97;2275.0;cosa2;uns;-1;316.58;1274.35;4476.0;nuxmv;uns;-1;107.82;320.90;2092.0;pono;uns;-1;187.20;753.51;3964.0
zipcpu_zipcpu_dcache-p506;avr;unk;-1;3575.30;42899.93;19522.0;btormc;time;-1;3600.09;3600.03;1652.0;cosa2;time;-1;3600.10;14496.98;46229.0;nuxmv;time;-1;3600.10;10797.65;3581.0;pono;time;-1;3600.10;14498.09;32798.0
zipcpu_zipcpu_dcache-p515;avr;uns;-1;1.52;11.85;1368.0;btormc;uns;-1;0.42;0.39;31.0;cosa2;uns;-1;0.53;1.77;170.0;nuxmv;uns;-1;2.43;4.74;331.0;pono;uns;-1;0.48;1.62;170.0
zipcpu_zipcpu_dcache-p519;avr;unk;-1;3556.30;55540.68;33009.0;btormc;time;-1;3600.10;3599.92;1003.0;cosa2;time;-1;3600.10;14498.57;54794.0;nuxmv;time;-1;3600.09;7676.61;6262.0;pono;mem;-1;3318.00;13363.65;122903.0
zipcpu_zipcpu_dcache-p525;avr;uns;-1;1.59;13.96;1512.0;btormc;uns;-1;0.79;0.69;49.0;cosa2;uns;-1;0.77;2.57;221.0;nuxmv;uns;-1;13.74;38.62;751.0;pono;uns;-1;0.64;2.45;222.0
zipcpu_zipcpu_dcache-p527;avr;uns;-1;880.32;14081.61;14636.0;btormc;time;-1;3600.09;3599.90;1585.0;cosa2;time;-1;3600.11;14498.42;32575.0;nuxmv;time;-1;3600.10;10797.58;8648.0;pono;time;-1;3600.10;14496.96;24484.0
zipcpu_zipcpu_dcache-p531;avr;uns;-1;1.55;13.88;1490.0;btormc;uns;-1;0.79;0.69;49.0;cosa2;uns;-1;0.77;2.57;218.0;nuxmv;uns;-1;21.32;61.41;925.0;pono;uns;-1;0.62;2.11;182.0
zipcpu_zipcpu_dcache-p550;avr;uns;-1;1466.29;23467.02;21158.0;btormc;time;-1;3600.09;3599.91;1665.0;cosa2;time;-1;3600.10;14498.28;21725.0;nuxmv;time;-1;3600.09;10797.84;5322.0;pono;time;-1;3600.10;14498.62;82403.0
zipcpu_zipcpu_dcache-p563;avr;unk;-1;3573.03;52586.60;36557.0;btormc;time;-1;3600.10;3599.99;1833.0;cosa2;time;-1;3600.10;14497.31;26634.0;nuxmv;time;-1;3600.10;10797.70;7103.0;pono;time;-1;3600.10;14496.18;44498.0
zipcpu_zipcpu_dcache-p570;avr;uns;-1;7.81;102.87;6616.0;btormc;time;-1;3600.10;3599.91;2323.0;cosa2;uns;-1;860.40;3464.35;7671.0;nuxmv;uns;-1;119.24;355.12;1913.0;pono;uns;-1;145.58;586.02;3123.0
zipcpu_zipcpu_dcache-p577;avr;uns;-1;10.93;155.52;5704.0;btormc;time;-1;3600.10;3599.95;1966.0;cosa2;uns;-1;941.31;3790.33;5609.0;nuxmv;uns;-1;172.38;514.62;2595.0;pono;uns;-1;67.81;272.74;1803.0
zipcpu_zipcpu_dcache-p578;avr;uns;-1;29.92;457.80;7576.0;btormc;time;-1;3600.09;3599.99;2209.0;cosa2;time;-1;3600.10;14495.67;11543.0;nuxmv;uns;-1;633.70;1898.60;2756.0;pono;time;-1;3600.10;14499.51;17394.0
zipcpu_zipcpu_dcache-p579;avr;uns;-1;2227.41;35660.49;19655.0;btormc;time;-1;3600.09;3599.96;1391.0;cosa2;time;-1;3600.10;14498.27;22069.0;nuxmv;time;-1;3600.10;10797.68;10147.0;pono;time;-1;3600.10;14499.32;100681.0
zipcpu_zipcpu_dcache-p582;avr;unk;-1;3575.64;53684.11;24553.0;btormc;time;-1;3600.09;3599.88;1170.0;cosa2;time;-1;3600.11;14497.47;14503.0;nuxmv;time;-1;3600.10;8207.38;7310.0;pono;time;-1;3600.10;14497.94;23974.0
zipcpu_zipcpu_dcache-p588;avr;uns;-1;1.61;14.08;1527.0;btormc;uns;-1;0.91;0.79;51.0;cosa2;uns;-1;0.84;2.98;231.0;nuxmv;uns;-1;175.35;523.48;2018.0;pono;uns;-1;0.74;2.86;241.0
zipcpu_zipcpu_dcache-p595;avr;unk;-1;3562.68;56944.44;64865.0;btormc;time;-1;3600.09;3599.97;1788.0;cosa2;time;-1;3600.10;14497.71;17198.0;nuxmv;time;-1;3600.09;10797.60;7619.0;pono;time;-1;3600.10;14497.45;28246.0
zipcpu_zipcpu_piped-p013;avr;uns;-1;1.35;10.79;1249.0;btormc;uns;-1;0.31;0.20;20.0;cosa2;uns;-1;0.41;1.00;119.0;nuxmv;uns;-1;1.98;3.78;309.0;pono;uns;-1;0.38;1.13;124.0
zipcpu_zipcpu_piped-p015;avr;uns;-1;1.56;14.10;1453.0;btormc;uns;-1;0.32;0.30;27.0;cosa2;uns;-1;0.41;1.01;118.0;nuxmv;uns;-1;1.94;3.68;294.0;pono;uns;-1;0.38;1.12;123.0
zipcpu_zipcpu_piped-p020;avr;uns;-1;1.40;10.81;1286.0;btormc;uns;-1;0.32;0.30;25.0;cosa2;uns;-1;0.43;1.41;137.0;nuxmv;uns;-1;1.94;3.52;290.0;pono;uns;-1;0.39;1.13;123.0
zipcpu_zipcpu_piped-p033;avr;uns;-1;1.41;11.27;1242.0;btormc;uns;-1;0.07;0.00;0.0;cosa2;uns;-1;0.28;0.59;92.0;nuxmv;uns;-1;1.02;0.80;143.0;pono;uns;-1;0.31;0.69;123.0
zipcpu_zipcpu_piped-p034;avr;uns;-1;1.40;10.97;1292.0;btormc;uns;-1;0.07;0.00;0.0;cosa2;uns;-1;0.27;0.58;93.0;nuxmv;uns;-1;0.99;0.96;151.0;pono;uns;-1;0.30;0.70;123.0
zipcpu_zipcpu_piped-p040;avr;uns;-1;1.44;12.31;1412.0;btormc;uns;-1;0.33;0.30;27.0;cosa2;uns;-1;0.41;1.02;118.0;nuxmv;uns;-1;2.42;5.01;318.0;pono;uns;-1;0.38;1.10;123.0
zipcpu_zipcpu_piped-p048;avr;uns;-1;1.38;10.90;1207.0;btormc;uns;-1;0.31;0.20;20.0;cosa2;uns;-1;0.41;1.01;118.0;nuxmv;uns;-1;1.91;3.64;299.0;pono;uns;-1;0.38;1.10;123.0
zipcpu_zipcpu_piped-p073;avr;uns;-1;1.53;14.43;1398.0;btormc;uns;-1;0.32;0.29;27.0;cosa2;uns;-1;0.41;0.99;116.0;nuxmv;uns;-1;6.68;17.79;538.0;pono;uns;-1;0.40;1.05;121.0
zipcpu_zipcpu_piped-p081;avr;uns;-1;2577.49;36713.93;25471.0;btormc;time;-1;3600.09;3599.95;1427.0;cosa2;time;-1;3600.10;14497.64;3360.0;nuxmv;time;-1;3600.10;8459.84;3653.0;pono;time;-1;3600.10;14497.33;9081.0
zipcpu_zipcpu_piped-p102;avr;uns;-1;20.02;299.88;8390.0;btormc;time;-1;3600.09;3599.93;3077.0;cosa2;uns;-1;1610.06;6482.98;5624.0;nuxmv;uns;-1;238.00;711.81;2612.0;pono;uns;-1;1338.30;5389.22;8300.0
zipcpu_zipcpu_piped-p110;avr;uns;-1;1.14;8.09;952.0;btormc;uns;-1;0.15;0.09;16.0;cosa2;uns;-1;0.27;0.59;93.0;nuxmv;uns;-1;1.23;1.48;210.0;pono;uns;-1;0.30;0.72;124.0
zipcpu_zipcpu_piped-p111;avr;uns;-1;1.57;14.73;1533.0;btormc;uns;-1;0.32;0.30;25.0;cosa2;uns;-1;0.42;1.35;115.0;nuxmv;uns;-1;1.95;3.50;298.0;pono;uns;-1;0.39;1.11;123.0
zipcpu_zipcpu_piped-p112;avr;uns;-1;1.83;19.02;1895.0;btormc;time;-1;3600.09;3599.97;2622.0;cosa2;uns;-1;114.76;461.67;1768.0;nuxmv;uns;-1;57.46;170.27;1055.0;pono;uns;-1;51.56;207.30;1718.0
zipcpu_zipcpu_piped-p115;avr;uns;-1;1.11;7.85;981.0;btormc;uns;-1;0.15;0.10;17.0;cosa2;uns;-1;0.26;0.60;93.0;nuxmv;uns;-1;1.30;1.78;224.0;pono;uns;-1;0.29;0.72;124.0
zipcpu_zipcpu_piped-p131;avr;uns;-1;1.59;14.08;1426.0;btormc;uns;-1;0.35;0.30;27.0;cosa2;uns;-1;0.42;0.99;118.0;nuxmv;uns;-1;2.62;5.51;325.0;pono;uns;-1;0.43;1.47;144.0
zipcpu_zipcpu_piped-p132;avr;uns;-1;1.90;19.24;1884.0;btormc;time;-1;3600.09;3599.92;2600.0;cosa2;uns;-1;828.41;3335.56;4607.0;nuxmv;uns;-1;198.65;593.70;2367.0;pono;uns;-1;136.24;547.46;3864.0
zipcpu_zipcpu_piped-p142;avr;uns;-1;1.59;14.39;1519.0;btormc;time;-1;3600.09;3599.95;2952.0;cosa2;uns;-1;3080.72;12198.68;11144.0;nuxmv;uns;-1;84.43;251.02;1853.0;pono;uns;-1;1018.87;4102.46;13112.0
zipcpu_zipcpu_piped-p146;avr;uns;-1;35.22;543.21;7711.0;btormc;time;-1;3600.09;3599.93;2820.0;cosa2;time;-1;3600.10;14497.54;5041.0;nuxmv;uns;-1;1323.08;3966.08;4427.0;pono;time;-1;3600.10;14496.44;14449.0
zipcpu_zipcpu_piped-p155;avr;uns;-1;1.46;12.17;1394.0;btormc;uns;-1;0.33;0.29;26.0;cosa2;uns;-1;0.42;0.96;116.0;nuxmv;uns;-1;1.97;3.73;307.0;pono;uns;-1;0.61;1.01;116.0
zipcpu_zipcpu_piped-p156;avr;uns;-1;1.67;16.79;1761.0;btormc;time;-1;3600.09;3599.85;2835.0;cosa2;uns;-1;869.57;3501.49;4496.0;nuxmv;uns;-1;54.55;161.50;1408.0;pono;uns;-1;351.94;1416.93;4453.0
zipcpu_zipcpu_piped-p160;avr;uns;-1;2.03;21.96;1927.0;btormc;time;-1;3600.09;3599.94;1966.0;cosa2;uns;-1;348.99;1404.66;3801.0;nuxmv;uns;-1;109.08;324.95;1795.0;pono;time;-1;3600.10;14498.29;19270.0
zipcpu_zipcpu_piped-p162;avr;unk;-1;3573.90;49363.43;36134.0;btormc;time;-1;3600.10;3599.90;1772.0;cosa2;time;-1;3600.10;14495.12;3461.0;nuxmv;time;-1;3600.10;8832.93;5205.0;pono;time;-1;3600.10;14499.36;9827.0
zipcpu_zipcpu_piped-p163;avr;uns;-1;26.89;410.20;7043.0;btormc;time;-1;3600.09;3599.87;2704.0;cosa2;time;-1;3600.11;14499.11;5266.0;nuxmv;uns;-1;1478.04;4431.73;4733.0;pono;time;-1;3600.10;14496.65;13568.0
zipcpu_zipcpu_piped-p177;avr;uns;-1;1.46;12.94;1403.0;btormc;uns;-1;0.36;0.26;27.0;cosa2;uns;-1;0.42;0.99;117.0;nuxmv;uns;-1;2.52;5.19;313.0;pono;uns;-1;0.40;1.11;123.0
zipcpu_zipcpu_piped-p183;avr;uns;-1;1.73;17.27;1617.0;btormc;time;-1;3600.09;3599.97;2393.0;cosa2;uns;-1;182.86;735.90;2578.0;nuxmv;uns;-1;64.80;192.23;1297.0;pono;uns;-1;33.04;132.82;1374.0
zipcpu_zipcpu_piped-p185;avr;uns;-1;1.52;13.32;1486.0;btormc;time;-1;3600.09;3599.95;2347.0;cosa2;uns;-1;262.89;1058.08;3483.0;nuxmv;uns;-1;111.39;331.91;1958.0;pono;uns;-1;41.12;165.33;1890.0
zipcpu_zipcpu_piped-p205;avr;uns;-1;1.34;10.80;1170.0;btormc;uns;-1;0.31;0.19;20.0;cosa2;uns;-1;0.42;1.29;118.0;nuxmv;uns;-1;3.53;8.28;379.0;pono;uns;-1;0.37;1.14;124.0
zipcpu_zipcpu_piped-p210;avr;uns;-1;1.37;10.87;1215.0;btormc;uns;-1;0.32;0.30;27.0;cosa2;uns;-1;0.42;0.98;115.0;nuxmv;uns;-1;4.43;11.02;396.0;pono;uns;-1;0.39;1.03;118.0
zipcpu_zipcpu_piped-p211;avr;uns;-1;34.74;535.81;9048.0;btormc;time;-1;3600.09;3599.90;2555.0;cosa2;time;-1;3600.09;14496.16;6405.0;nuxmv;time;-1;3600.10;7308.97;6180.0;pono;time;-1;3600.10;14496.83;15299.0
zipcpu_zipcpu_piped-p214;avr;uns;-1;1.66;16.09;1608.0;btormc;time;-1;3600.09;3599.91;1892.0;cosa2;uns;-1;1178.06;4743.16;6654.0;nuxmv;uns;-1;81.21;241.41;1739.0;pono;time;-1;3600.10;14497.67;22779.0
zipcpu_zipcpu_piped-p218;avr;uns;-1;1.62;15.15;1613.0;btormc;time;-1;3600.10;3599.95;2175.0;cosa2;time;-1;3600.09;13946.35;10209.0;nuxmv;uns;-1;163.27;487.59;2380.0;pono;time;-1;3600.10;14497.03;21268.0
zipcpu_zipcpu_piped-p219;avr;uns;-1;1.11;7.66;960.0;btormc;uns;-1;0.15;0.10;17.0;cosa2;uns;-1;0.27;0.59;90.0;nuxmv;uns;-1;1.13;1.26;189.0;pono;uns;-1;0.30;0.72;123.0
zipcpu_zipcpu_piped-p223;avr;uns;-1;1.34;10.32;1254.0;btormc;uns;-1;0.32;0.29;20.0;cosa2;uns;-1;0.42;0.98;117.0;nuxmv;uns;-1;1.96;3.94;290.0;pono;uns;-1;0.40;1.09;122.0
zipcpu_zipcpu_piped-p224;avr;uns;-1;2.06;21.72;1963.0;btormc;time;-1;3600.10;3599.95;1993.0;cosa2;uns;-1;1478.02;5951.35;6992.0;nuxmv;uns;-1;116.37;346.97;1852.0;pono;time;-1;3600.10;14497.46;21522.0
zipcpu_zipcpu_piped-p226;avr;uns;-1;1.24;9.92;1183.0;btormc;uns;-1;0.35;0.27;27.0;cosa2;uns;-1;0.40;1.01;117.0;nuxmv;uns;-1;1.74;2.77;270.0;pono;uns;-1;0.40;1.04;121.0
zipcpu_zipcpu_piped-p262;avr;uns;-1;1.60;14.33;1474.0;btormc;time;-1;3600.09;3599.99;5028.0;cosa2;uns;-1;975.31;3926.70;5005.0;nuxmv;uns;-1;73.58;218.59;1402.0;pono;uns;-1;62.92;252.83;2082.0
zipcpu_zipcpu_piped-p267;avr;uns;-1;1.11;7.45;967.0;btormc;uns;-1;0.07;0.00;0.0;cosa2;uns;-1;0.27;0.62;95.0;nuxmv;uns;-1;1.06;0.99;160.0;pono;uns;-1;0.30;0.72;123.0
zipcpu_zipcpu_piped-p275;avr;uns;-1;1.32;10.29;1185.0;btormc;uns;-1;0.31;0.20;20.0;cosa2;uns;-1;0.41;1.03;117.0;nuxmv;uns;-1;3.20;7.33;336.0;pono;uns;-1;0.38;1.10;123.0
zipcpu_zipcpu_piped-p288;avr;uns;-1;1.31;10.34;1202.0;btormc;uns;-1;0.31;0.20;20.0;cosa2;uns;-1;0.41;0.99;118.0;nuxmv;uns;-1;1.95;3.47;290.0;pono;uns;-1;0.38;1.12;123.0
zipcpu_zipcpu_piped-p295;avr;uns;-1;1.28;9.29;1152.0;btormc;uns;-1;0.32;0.29;25.0;cosa2;uns;-1;0.41;0.99;117.0;nuxmv;uns;-1;8.11;22.23;581.0;pono;uns;-1;0.38;1.10;123.0
zipcpu_zipcpu_piped-p308;avr;uns;-1;1.47;12.17;1207.0;btormc;uns;-1;0.16;0.09;15.0;cosa2;uns;-1;0.27;0.61;93.0;nuxmv;uns;-1;1.39;1.99;235.0;pono;uns;-1;0.32;0.70;123.0
zipcpu_zipcpu_piped-p309;avr;uns;-1;1.25;9.55;1154.0;btormc;uns;-1;0.33;0.29;27.0;cosa2;uns;-1;0.42;1.27;115.0;nuxmv;uns;-1;1.98;3.80;286.0;pono;uns;-1;0.37;1.13;124.0
zipcpu_zipcpu_piped-p315;avr;uns;-1;1.24;9.44;1163.0;btormc;uns;-1;0.31;0.19;20.0;cosa2;uns;-1;0.40;1.00;118.0;nuxmv;uns;-1;9.74;26.63;622.0;pono;uns;-1;0.39;1.13;123.0
zipcpu_zipcpu_piped-p323;avr;uns;-1;1.27;9.73;1129.0;btormc;uns;-1;0.14;0.09;17.0;cosa2;uns;-1;0.27;0.60;92.0;nuxmv;uns;-1;1.25;1.52;203.0;pono;uns;-1;0.31;0.71;123.0
zipcpu_zipcpu_piped-p327;avr;uns;-1;19.90;298.25;6831.0;btormc;time;-1;3600.09;3599.87;2919.0;cosa2;time;-1;3600.10;14498.49;6319.0;nuxmv;uns;-1;1626.06;4875.67;5480.0;pono;time;-1;3600.12;14498.33;14194.0
zipcpu_zipcpu_piped-p330;avr;uns;-1;1.47;12.83;1398.0;btormc;uns;-1;341.35;341.29;670.0;cosa2;uns;-1;441.08;1775.80;4584.0;nuxmv;uns;-1;181.55;542.50;2464.0;pono;uns;-1;34.45;138.45;1940.0
zipcpu_zipcpu_piped-p342;avr;uns;-1;1.47;12.51;1424.0;btormc;time;-1;3600.09;3599.95;3103.0;cosa2;uns;-1;393.34;1583.54;5031.0;nuxmv;uns;-1;82.67;245.90;1210.0;pono;uns;-1;21.14;84.90;1125.0
zipcpu_zipcpu_piped-p344;avr;uns;-1;1.32;10.29;1267.0;btormc;uns;-1;0.31;0.20;20.0;cosa2;uns;-1;0.40;0.99;118.0;nuxmv;uns;-1;1.94;3.53;290.0;pono;uns;-1;0.39;1.13;123.0
zipcpu_zipcpu_piped-p347;avr;uns;-1;1.31;10.33;1241.0;btormc;uns;-1;0.31;0.20;20.0;cosa2;uns;-1;0.41;1.01;117.0;nuxmv;uns;-1;2.00;3.74;299.0;pono;uns;-1;0.39;1.12;123.0
zipcpu_zipcpu_piped-p350;avr;uns;-1;1.58;14.94;1525.0;btormc;uns;-1;0.33;0.30;26.0;cosa2;uns;-1;0.41;1.00;117.0;nuxmv;uns;-1;2.00;3.79;298.0;pono;uns;-1;0.39;1.09;123.0
zipcpu_zipcpu_piped-p351;avr;unk;-1;3573.94;43678.47;27116.0;btormc;time;-1;3600.09;3599.94;1513.0;cosa2;time;-1;3600.10;14495.18;3605.0;nuxmv;time;-1;3600.09;8852.06;2776.0;pono;time;-1;3600.10;14500.15;8563.0
zipcpu_zipcpu_piped-p372;avr;uns;-1;1.42;11.49;1240.0;btormc;uns;-1;0.31;0.20;20.0;cosa2;uns;-1;0.42;1.01;117.0;nuxmv;uns;-1;1.93;3.51;292.0;pono;uns;-1;0.38;1.12;123.0
zipcpu_zipcpu_piped-p378;avr;uns;-1;1.33;10.63;1050.0;btormc;uns;-1;0.15;0.10;16.0;cosa2;uns;-1;0.26;0.62;93.0;nuxmv;uns;-1;1.28;1.64;218.0;pono;uns;-1;0.30;0.70;123.0
zipcpu_zipcpu_piped-p381;avr;uns;-1;1.54;13.61;1391.0;btormc;uns;-1;0.32;0.19;20.0;cosa2;uns;-1;0.42;0.98;115.0;nuxmv;uns;-1;5.18;13.29;411.0;pono;uns;-1;0.60;1.03;117.0
zipcpu_zipcpu_piped-p389;avr;uns;-1;1.90;19.23;1901.0;btormc;time;-1;3600.10;3599.92;2766.0;cosa2;time;-1;3600.10;14497.97;8812.0;nuxmv;uns;-1;118.75;353.92;1636.0;pono;time;-1;3600.10;14498.35;18781.0
zipcpu_zipcpu_piped-p390;avr;uns;-1;1.45;11.86;1258.0;btormc;uns;-1;0.32;0.29;27.0;cosa2;uns;-1;0.42;0.97;116.0;nuxmv;uns;-1;8.34;22.58;620.0;pono;uns;-1;0.60;0.99;116.0
zipcpu_zipcpu_piped-p399;avr;unk;-1;3573.63;30342.49;18475.0;btormc;time;-1;3600.09;3599.90;1387.0;cosa2;time;-1;3600.10;14496.29;3552.0;nuxmv;time;-1;3600.09;7650.47;2023.0;pono;time;-1;3600.10;14497.89;7977.0
zipcpu_zipcpu_piped-p423;avr;uns;-1;1.34;10.62;1223.0;btormc;uns;-1;0.31;0.19;20.0;cosa2;uns;-1;0.42;1.01;117.0;nuxmv;uns;-1;1.99;3.74;282.0;pono;uns;-1;0.39;1.10;123.0
zipcpu_zipcpu_piped-p431;avr;uns;-1;1.33;10.60;1203.0;btormc;uns;-1;0.32;0.29;26.0;cosa2;uns;-1;0.42;1.02;118.0;nuxmv;uns;-1;1.95;3.51;275.0;pono;uns;-1;0.40;1.10;123.0
zipcpu_zipcpu_piped-p442;avr;uns;-1;1.20;8.51;1178.0;btormc;uns;-1;0.33;0.30;27.0;cosa2;uns;-1;0.42;0.99;116.0;nuxmv;uns;-1;1.68;2.86;271.0;pono;uns;-1;0.60;1.01;117.0
zipcpu_zipcpu_piped-p448;avr;uns;-1;8.03;108.70;4996.0;btormc;time;-1;3600.09;3599.96;2928.0;cosa2;time;-1;3600.10;13894.64;10094.0;nuxmv;uns;-1;158.82;474.16;1738.0;pono;time;-1;3600.09;14496.46;18906.0
zipcpu_zipcpu_piped-p466;avr;uns;-1;1055.67;16145.35;19355.0;btormc;time;-1;3600.09;3599.92;1415.0;cosa2;time;-1;3600.10;14497.59;3567.0;nuxmv;time;-1;3600.09;7455.63;2924.0;pono;time;-1;3600.10;14495.17;8800.0
zipcpu_zipcpu_piped-p472;avr;uns;-1;458.26;6966.68;15038.0;btormc;time;-1;3600.09;3599.98;1482.0;cosa2;time;-1;3600.10;14496.43;3615.0;nuxmv;uns;-1;787.55;2360.44;2052.0;pono;time;-1;3600.10;14496.75;9560.0
zipcpu_zipcpu_piped-p475;avr;uns;-1;1.33;10.72;1243.0;btormc;uns;-1;0.32;0.30;27.0;cosa2;uns;-1;0.43;1.35;136.0;nuxmv;uns;-1;2.00;3.66;297.0;pono;uns;-1;0.60;1.00;116.0
zipcpu_zipcpu_piped-p476;avr;uns;-1;5.75;73.11;3390.0;btormc;time;-1;3600.09;3599.97;3548.0;cosa2;time;-1;3600.10;14497.07;6879.0;nuxmv;uns;-1;104.56;311.58;1802.0;pono;uns;-1;1182.42;4760.85;7806.0
zipcpu_zipcpu_piped-p479;avr;uns;-1;1.64;15.40;1426.0;btormc;time;-1;3600.09;3599.98;2658.0;cosa2;time;-1;3600.10;14499.13;9427.0;nuxmv;uns;-1;108.16;322.21;1416.0;pono;uns;-1;370.32;1489.95;5593.0
zipcpu_zipcpu_piped-p481;avr;uns;-1;32.96;507.94;7565.0;btormc;time;-1;3600.09;3599.91;3005.0;cosa2;time;-1;3600.10;14497.63;6586.0;nuxmv;uns;-1;397.87;1191.35;1883.0;pono;time;-1;3600.10;14500.02;16967.0
zipcpu_zipcpu_piped-p509;avr;uns;-1;1.63;15.78;1593.0;btormc;time;-1;3600.09;3599.95;3523.0;cosa2;uns;-1;30.58;122.59;1553.0;nuxmv;uns;-1;38.65;113.55;1350.0;pono;uns;-1;43.37;173.39;2021.0
zipcpu_zipcpu_piped-p516;avr;uns;-1;1.62;14.69;1643.0;btormc;time;-1;3600.09;3599.96;1963.0;cosa2;time;-1;3600.09;13763.39;10184.0;nuxmv;uns;-1;147.87;441.55;2208.0;pono;time;-1;3600.10;14498.42;19593.0
zipcpu_zipcpu_piped-p518;avr;uns;-1;37.07;573.32;9581.0;btormc;time;-1;3600.09;3599.95;2568.0;cosa2;uns;-1;2111.78;8504.81;5468.0;nuxmv;uns;-1;188.48;563.16;2393.0;pono;uns;-1;1210.09;4872.66;7919.0
zipcpu_zipcpu_piped-p520;avr;uns;-1;36.51;563.74;9505.0;btormc;time;-1;3600.09;3599.92;2385.0;cosa2;uns;-1;476.44;1918.25;3001.0;nuxmv;uns;-1;227.74;680.90;2109.0;pono;uns;-1;228.55;920.13;3756.0
zipcpu_zipcpu_piped-p525;avr;uns;-1;1.69;15.42;1486.0;btormc;uns;-1;0.38;0.29;27.0;cosa2;uns;-1;0.47;1.40;139.0;nuxmv;uns;-1;2.46;5.43;330.0;pono;uns;-1;0.44;1.51;145.0
zipcpu_zipcpu_piped-p528;avr;uns;-1;1.64;15.38;1488.0;btormc;uns;-1;0.36;0.30;27.0;cosa2;uns;-1;0.45;1.40;140.0;nuxmv;uns;-1;3.36;7.93;371.0;pono;uns;-1;0.43;1.50;145.0
zipcpu_zipcpu_piped-p529;avr;uns;-1;1.66;15.60;1527.0;btormc;uns;-1;0.32;0.30;27.0;cosa2;uns;-1;0.42;1.28;115.0;nuxmv;uns;-1;2.01;3.70;298.0;pono;uns;-1;0.39;1.12;123.0
